PartnerId,CustomerId,CustomerName,CustomerDomainName,CustomerCountry,InvoiceNumber,MpnId,Tier2MpnId,OrderId,OrderDate,ProductId,SkuId,AvailabilityId,SkuName,ProductName,ChargeType,UnitPrice,Quantity,Subtotal,TaxTotal,Total,Currency,PriceAdjustmentDescription,PublisherName,PublisherId,SubscriptionDescription,SubscriptionId,ChargeStartDate,ChargeEndDate,TermAndBillingCycle,EffectiveUnitPrice,UnitType,AlternateId,BillableQuantity,BillingFrequency,PricingCurrency,PCToBCExchangeRate,PCToBCExchangeRateDate,MeterDescription,ReservationOrderId,CreditReasonCode,SubscriptionStartDate,SubscriptionEndDate,ReferenceId,ProductQualifiers,PromotionId,ProductCategory
9ff00383-6135-a107-5741-d73ace6dd0ee,175ac3de-8ae0-6a5d-58b3-92ba3b67931d,Soylent Labs 000,tenant0000.onmicrosoft.com,DE,G295819866,2275314,0,000000000000,2026-04-22T20:20:56.000Z,CFQ7TTC0LFLX,0021,CFQ7TTC12ZPW,Microsoft 365 E3 (no Teams),Microsoft 365 E3,cycleCharge,9.25000000000000000000,9.000000000000000000,83.25000000000000000000,0E-20,83.25000000000000000000,USD,,Microsoft Corporation,,,b8da2730-7fa0-737d-542c-f43f5019321a,2026-04-27T00:00:00.000Z,2026-05-27T00:00:00.000Z,One-Year commitment for monthly/yearly billing,9.25000000000000000000,,000000000000,9.000000000000000000,Annual,USD,1.00000000000000000000000000,2026-04-01T00:00:00.000Z,,d8256acb-8507-acb3-c1a0-e5e5005665a7,,2025-07-01T00:00:00.000Z,2027-07-01T00:00:00.000Z,22813d53-23dd-efe4-a2e7-7dcaf80cc5dc,[],,Software
9ff00383-6135-a107-5741-d73ace6dd0ee,74128247-f247-31ee-8b63-0ad538626a37,Initech Cloud 001,tenant0001.onmicrosoft.com,DE,G295819866,2275314,0,000000000000,2026-04-28T14:46:07.000Z,CFQ7TTC0LH16,0001,CFQ7TTC0W27W,Exchange Online (Plan 1),Exchange Online (Plan 1),cycleCharge,34.27000000000000000000,5.000000000000000000,171.35000000000000000000,0E-20,171.35000000000000000000,USD,,Microsoft Corporation,,,c1ea4bcf-f686-c7ab-acbb-719401373f57,2026-04-27T00:00:00.000Z,2027-04-27T00:00:00.000Z,One-Year commitment for monthly/yearly billing,34.27000000000000000000,,000000000000,5.000000000000000000,Monthly,USD,1.00000000000000000000000000,2026-04-01T00:00:00.000Z,,893b87b3-1e6f-f988-9e82-958367342f7e,,2026-04-03T00:00:00.000Z,2027-04-03T00:00:00.000Z,926c5f35-72df-0904-a09c-9d14e1972098,[],,OnlineServices
9ff00383-6135-a107-5741-d73ace6dd0ee,3e0cd823-af88-48af-96fa-f658b00e76e9,Globex Holdings 002,tenant0002.onmicrosoft.com,IT,G295819866,2275314,0,000000000000,2026-04-23T14:15:26.000Z,CFQ7TTC0LFLX,0021,CFQ7TTC12ZPW,Microsoft 365 E3 (no Teams),Microsoft 365 E3,cycleCharge,42.69000000000000000000,21.000000000000000000,896.49000000000000000000,0E-20,896.49000000000000000000,USD,,Microsoft Corporation,,,a7ee00c7-fade-2b9a-486f-267a51663dea,2026-04-10T00:00:00.000Z,2027-04-10T00:00:00.000Z,Three-Year commitment for monthly/yearly billing,42.69000000000000000000,,000000000000,21.000000000000000000,Monthly,USD,1.00000000000000000000000000,2026-04-01T00:00:00.000Z,,379d0597-a835-7923-6878-ee568defe3b3,,2025-04-25T00:00:00.000Z,2026-04-25T00:00:00.000Z,c565ef92-bf79-1d6c-f92a-16a05e17badd,[],,Azure
9ff00383-6135-a107-5741-d73ace6dd0ee,649e8bce-311c-12b3-07ae-64fb18c8c2a8,Hooli Group 003,tenant0003.onmicrosoft.com,US,G295819866,2275314,0,000000000000,2026-04-03T13:45:39.000Z,CFQ7TTC0LH18,0001,CFQ7TTC0HHS9,Teams Phone Standard,Teams Phone Standard,renew,36.75000000000000000000,23.000000000000000000,845.25000000000000000000,0E-20,845.25000000000000000000,USD,,Microsoft Corporation,,,905e4af8-d70f-d0a4-dcb9-8edfa12b4c15,2026-04-04T00:00:00.000Z,2027-04-04T00:00:00.000Z,One-Year commitment for monthly/yearly billing,36.75000000000000000000,,000000000000,23.000000000000000000,Annual,USD,1.00000000000000000000000000,2026-04-01T00:00:00.000Z,,fe685505-0050-2105-ce9b-55c623c79ed1,,2025-07-21T00:00:00.000Z,2026-07-21T00:00:00.000Z,01aad90f-30c1-bb7e-b238-3f80dc96b200,[],,OnlineServices
9ff00383-6135-a107-5741-d73ace6dd0ee,37004096-f563-e290-e41b-a08a24c0060b,Globex Holdings 004,tenant0004.onmicrosoft.com,FR,G295819866,2275314,0,000000000000,2026-04-25T23:48:19.000Z,CFQ7TTC0LH18,0001,CFQ7TTC0HHS9,Teams Phone Standard,Teams Phone Standard,cycleCharge,14.76000000000000000000,13.000000000000000000,191.88000000000000000000,0E-20,191.88000000000000000000,USD,,Microsoft Corporation,,,f0eaec27-dee0-58da-5558-e328d39a12d2,2026-04-21T00:00:00.000Z,2026-05-21T00:00:00.000Z,Three-Year commitment for monthly/yearly billing,14.76000000000000000000,,000000000000,13.000000000000000000,Monthly,USD,1.00000000000000000000000000,2026-04-01T00:00:00.000Z,,6e9d6db7-418b-4728-5c76-3c99ff091a95,,2025-11-16T00:00:00.000Z,2026-11-16T00:00:00.000Z,926b4e51-6e0f-9af0-aa48-2a79713914c6,[],,OnlineServices
9ff00383-6135-a107-5741-d73ace6dd0ee,895d8cbb-2f2f-4d43-b9e3-134e365f0c2c,Vandelay Cloud 005,tenant0005.onmicrosoft.com,FR,G295819866,2275314,0,000000000000,2026-04-28T11:52:38.000Z,CFQ7TTC0LH18,0001,CFQ7TTC0HHS9,Teams Phone Standard,Teams Phone Standard,cycleCharge,8.88000000000000000000,1.000000000000000000,8.88000000000000000000,0E-20,8.88000000000000000000,USD,,Microsoft Corporation,,,7fd13710-ff9f-8d59-b835-306f40581d20,2026-04-20T00:00:00.000Z,2027-04-20T00:00:00.000Z,One-Year commitment for monthly/yearly billing,8.88000000000000000000,,000000000000,1.000000000000000000,Monthly,USD,1.00000000000000000000000000,2026-04-01T00:00:00.000Z,,1ad34b5a-2f41-e180-e09c-8bbe66fc6917,,2026-02-09T00:00:00.000Z,2027-02-09T00:00:00.000Z,9286510b-dd02-7524-faa4-d9942f493659,[],,OnlineServices
9ff00383-6135-a107-5741-d73ace6dd0ee,be84738b-a004-9506-49ef-dbe1a7347af1,Hooli Cloud 006,tenant0006.onmicrosoft.com,IT,G295819866,2275314,0,000000000000,2026-04-22T01:14:13.000Z,CFQ7TTC0LFLX,0021,CFQ7TTC127J1,Microsoft 365 E3 (no Teams),Microsoft 365 E3,renew,20.37000000000000000000,18.000000000000000000,366.66000000000000000000,0E-20,366.66000000000000000000,USD,,Microsoft Corporation,,,d83ccfe8-e5ec-5214-ad01-b34b3eaede19,2026-04-21T00:00:00.000Z,2027-04-21T00:00:00.000Z,One-Month commitment for monthly billing,20.37000000000000000000,,000000000000,18.000000000000000000,Annual,USD,1.00000000000000000000000000,2026-04-01T00:00:00.000Z,,876bc377-43aa-dc54-41da-78569d825499,,2026-03-29T00:00:00.000Z,2027-03-29T00:00:00.000Z,52b15607-ec4e-da7b-c737-1f48954cda2d,[],,Azure
9ff00383-6135-a107-5741-d73ace6dd0ee,faf41cf9-aa5f-1bb3-9de2-32c037d443d6,Hooli Networks 007,tenant0007.onmicrosoft.com,DE,G295819866,2275314,0,000000000000,2026-04-15T15:28:30.000Z,CFQ7TTC0LH16,0001,CFQ7TTC0W27W,Exchange Online (Plan 1),Exchange Online (Plan 1),cycleCharge,22.57000000000000000000,22.000000000000000000,496.54000000000000000000,0E-20,496.54000000000000000000,USD,,Microsoft Corporation,,,b6731284-f6ca-8f80-2915-4138923dd7c3,2026-04-19T00:00:00.000Z,2027-04-19T00:00:00.000Z,Three-Year commitment for monthly/yearly billing,22.57000000000000000000,,000000000000,22.000000000000000000,Annual,USD,1.00000000000000000000000000,2026-04-01T00:00:00.000Z,,e9d65cad-578a-cd7c-2ff4-2330cae8c0f4,,2025-06-06T00:00:00.000Z,2026-06-06T00:00:00.000Z,93240e5e-d1e3-4db4-79dc-ac37a16c1049,[],,OnlineServices
9ff00383-6135-a107-5741-d73ace6dd0ee,6d5f14f5-e8d3-99a6-537e-2923265a6a87,Pied Systems 008,tenant0008.onmicrosoft.com,FR,G295819866,2275314,0,000000000000,2026-04-07T16:37:57.000Z,CFQ7TTC0LH16,0001,CFQ7TTC0W27W,Exchange Online (Plan 1),Exchange Online (Plan 1),cycleCharge,21.16000000000000000000,11.000000000000000000,232.76000000000000000000,0E-20,232.76000000000000000000,USD,,Microsoft Corporation,,,9f62b221-631c-2168-d425-d058a3fb3389,2026-04-23T00:00:00.000Z,2027-04-23T00:00:00.000Z,Three-Year commitment for monthly/yearly billing,21.16000000000000000000,,000000000000,11.000000000000000000,Monthly,USD,1.00000000000000000000000000,2026-04-01T00:00:00.000Z,,257d00dc-2d0d-5722-f781-da3813fdf817,,2025-10-11T00:00:00.000Z,2027-10-11T00:00:00.000Z,7a9bf56e-2ca7-24b1-5ce1-f2c0b8f0ffa8,[],,Software
9ff00383-6135-a107-5741-d73ace6dd0ee,1aa54633-a4d2-58e3-2c85-f575d28350e8,Vandelay Labs 009,tenant0009.onmicrosoft.com,IT,G295819866,2275314,0,000000000000,2026-04-06T00:38:40.000Z,CFQ7TTC0LH18,0001,CFQ7TTC0HHS9,Teams Phone Standard,Teams Phone Standard,cycleCharge,6.88000000000000000000,18.000000000000000000,123.84000000000000000000,0E-20,123.84000000000000000000,USD,,Microsoft Corporation,,,4e7de403-c544-94a3-321d-7439cbbc3c87,2026-04-06T00:00:00.000Z,2027-04-06T00:00:00.000Z,One-Year commitment for monthly/yearly billing,6.88000000000000000000,,000000000000,18.000000000000000000,Monthly,USD,1.00000000000000000000000000,2026-04-01T00:00:00.000Z,,4f7dc1cd-e9f7-ef62-4673-fdc4358d6d9b,,2025-05-07T00:00:00.000Z,2028-05-06T00:00:00.000Z,53b676d7-9707-2169-fa8d-cf4e1dc6841b,[],,Software
9ff00383-6135-a107-5741-d73ace6dd0ee,c367f416-3eac-b91b-ef3b-94d2bd761504,Umbrella Cloud 010,tenant0010.onmicrosoft.com,US,G295819866,2275314,0,000000000000,2026-04-14T21:41:15.000Z,CFQ7TTC0LFLX,0021,CFQ7TTC127J1,Microsoft 365 E3 (no Teams),Microsoft 365 E3,cycleCharge,30.05000000000000000000,19.000000000000000000,570.95000000000000000000,0E-20,570.95000000000000000000,USD,,Microsoft Corporation,,,9638c5ea-5fc9-c240-36b8-0bcc63fdebf2,2026-04-26T00:00:00.000Z,2027-04-26T00:00:00.000Z,One-Year commitment for monthly/yearly billing,30.05000000000000000000,,000000000000,19.000000000000000000,Annual,USD,1.00000000000000000000000000,2026-04-01T00:00:00.000Z,,2a3a5d8a-a5a2-df70-45ae-047261fbf1a9,,2026-03-10T00:00:00.000Z,2028-03-09T00:00:00.000Z,1f97f27b-9997-a5fa-54c5-9963cd5baf58,[],,OnlineServices
9ff00383-6135-a107-5741-d73ace6dd0ee,c92533b2-e6bb-0762-69c4-8b4d4eaee2d0,Initech Holdings 011,tenant0011.onmicrosoft.com,US,G295819866,2275314,0,000000000000,2026-04-09T14:05:01.000Z,CFQ7TTC0LH04,0002,CFQ7TTC0LCH4,Power BI Pro,Power BI Pro,renew,16.97000000000000000000,21.000000000000000000,356.37000000000000000000,0E-20,356.37000000000000000000,USD,,Microsoft Corporation,,,fa33b5b9-7f67-b203-a2c6-c7b9c6e29610,2026-04-16T00:00:00.000Z,2026-05-16T00:00:00.000Z,One-Month commitment for monthly billing,16.97000000000000000000,,000000000000,21.000000000000000000,Monthly,USD,1.00000000000000000000000000,2026-04-01T00:00:00.000Z,,41a0af86-ab7c-185f-b9ee-65df5db49ae4,,2025-10-12T00:00:00.000Z,2028-10-11T00:00:00.000Z,0d5a277c-6960-f8f0-f408-c4cb257b4886,[],,Azure
9ff00383-6135-a107-5741-d73ace6dd0ee,50ae3448-2b4c-d128-4300-5cd1ea0f45d8,Vandelay Labs 012,tenant0012.onmicrosoft.com,IT,G295819866,2275314,0,000000000000,2026-04-07T00:52:48.000Z,CFQ7TTC0LFLX,0021,CFQ7TTC12ZPW,Microsoft 365 E3 (no Teams),Microsoft 365 E3,cycleCharge,31.05000000000000000000,7.000000000000000000,217.35000000000000000000,0E-20,217.35000000000000000000,USD,,Microsoft Corporation,,,ec1402c2-6bda-22f5-f2a3-e5ccaa18d9e7,2026-04-06T00:00:00.000Z,2026-05-06T00:00:00.000Z,Three-Year commitment for monthly/yearly billing,31.05000000000000000000,,000000000000,7.000000000000000000,Monthly,USD,1.00000000000000000000000000,2026-04-01T00:00:00.000Z,,6c46037a-b6ce-4b1a-b0cf-863918c23e3b,,2026-02-22T00:00:00.000Z,2028-02-22T00:00:00.000Z,aeb5e97d-d4a9-0b57-ec18-2bdfe102c3e9,[],,Azure
9ff00383-6135-a107-5741-d73ace6dd0ee,f9f4989d-bd81-e968-ef3a-6359aa74354f,Soylent Labs 013,tenant0013.onmicrosoft.com,GB,G295819866,2275314,0,000000000000,2026-04-04T20:58:32.000Z,CFQ7TTC0LH16,0001,CFQ7TTC0W27W,Exchange Online (Plan 1),Exchange Online (Plan 1),cycleCharge,6.53000000000000000000,16.000000000000000000,104.48000000000000000000,0E-20,104.48000000000000000000,USD,,Microsoft Corporation,,,1eeeb90f-e315-1dd8-25cd-8183eabfef31,2026-04-25T00:00:00.000Z,2026-05-25T00:00:00.000Z,Three-Year commitment for monthly/yearly billing,6.53000000000000000000,,000000000000,16.000000000000000000,Annual,USD,1.00000000000000000000000000,2026-04-01T00:00:00.000Z,,dc754982-0ea1-f27c-6b94-51eefd72d7a4,,2025-12-20T00:00:00.000Z,2028-12-19T00:00:00.000Z,f4dcfcb0-100e-0378-c635-346e9f677fc6,[],,OnlineServices
9ff00383-6135-a107-5741-d73ace6dd0ee,03130479-854a-75b1-0c35-5d7501fd2ab8,Acme Labs 014,tenant0014.onmicrosoft.com,US,G295819866,2275314,0,000000000000,2026-04-07T06:53:07.000Z,CFQ7TTC0LH04,0002,CFQ7TTC0LCH4,Power BI Pro,Power BI Pro,cycleCharge,42.70000000000000000000,12.000000000000000000,512.40000000000000000000,0E-20,512.40000000000000000000,USD,,Microsoft Corporation,,,8b3a944f-474e-e840-4dbe-77e7bbf11716,2026-04-05T00:00:00.000Z,2027-04-05T00:00:00.000Z,One-Month commitment for monthly billing,42.70000000000000000000,,000000000000,12.000000000000000000,Annual,USD,1.00000000000000000000000000,2026-04-01T00:00:00.000Z,,a592dd03-9465-81aa-8cef-5660419eb942,,2026-01-12T00:00:00.000Z,2027-01-12T00:00:00.000Z,630bcf3c-b1dd-8098-3add-0d4171071b95,[],,OnlineServices
9ff00383-6135-a107-5741-d73ace6dd0ee,179f5a9f-4db1-4599-00fb-a36afc336e9e,Vandelay Systems 015,tenant0015.onmicrosoft.com,DE,G295819866,2275314,0,000000000000,2026-04-12T13:58:30.000Z,CFQ7TTC0LFLX,0021,CFQ7TTC12ZPW,Microsoft 365 E3 (no Teams),Microsoft 365 E3,cycleCharge,7.45000000000000000000,16.000000000000000000,119.20000000000000000000,0E-20,119.20000000000000000000,USD,,Microsoft Corporation,,,f6197623-2421-f463-4285-a0da42a743f6,2026-04-07T00:00:00.000Z,2026-05-07T00:00:00.000Z,Three-Year commitment for monthly/yearly billing,7.45000000000000000000,,000000000000,16.000000000000000000,,USD,1.00000000000000000000000000,2026-04-01T00:00:00.000Z,,e5779896-83a7-b3a1-c4fa-846209fda992,,2025-12-02T00:00:00.000Z,2026-12-02T00:00:00.000Z,46e3835d-2a91-2cb5-f78a-c92a05dbbc8e,[],,Azure
9ff00383-6135-a107-5741-d73ace6dd0ee,1fedf1ea-5ba0-dfd2-295b-02dc3ebab5dc,Globex Group 016,tenant0016.onmicrosoft.com,DE,G295819866,2275314,0,000000000000,2026-04-04T10:57:23.000Z,CFQ7TTC0LH18,0001,CFQ7TTC0HHS9,Teams Phone Standard,Teams Phone Standard,cycleCharge,32.77000000000000000000,18.000000000000000000,589.86000000000000000000,0E-20,589.86000000000000000000,USD,,Microsoft Corporation,,,e9bc9a75-4903-5850-d91d-22c65654b255,2026-04-26T00:00:00.000Z,2026-05-26T00:00:00.000Z,Three-Year commitment for monthly/yearly billing,32.77000000000000000000,,000000000000,18.000000000000000000,Annual,USD,1.00000000000000000000000000,2026-04-01T00:00:00.000Z,,c617c9ce-243d-a8d7-00ad-a6b55c2f887d,,2026-02-19T00:00:00.000Z,2029-02-18T00:00:00.000Z,e67ea9a2-5b5b-3478-3550-9056341794c8,[],,OnlineServices
9ff00383-6135-a107-5741-d73ace6dd0ee,ed884299-ab61-99c3-ef29-9638e701de6e,Pied Holdings 017,tenant0017.onmicrosoft.com,US,G295819866,2275314,0,000000000000,2026-04-06T19:53:44.000Z,CFQ7TTC0LH16,0001,CFQ7TTC0W27W,Exchange Online (Plan 1),Exchange Online (Plan 1),renew,25.93000000000000000000,11.000000000000000000,285.23000000000000000000,0E-20,285.23000000000000000000,USD,,Microsoft Corporation,,,9af35174-12f4-60aa-9362-08edbe4448fc,2026-04-22T00:00:00.000Z,2027-04-22T00:00:00.000Z,Three-Year commitment for monthly/yearly billing,25.93000000000000000000,,000000000000,11.000000000000000000,Annual,USD,1.00000000000000000000000000,2026-04-01T00:00:00.000Z,,3b324f2c-f4e5-47c3-63e3-509e2bc074d9,,2026-01-14T00:00:00.000Z,2029-01-13T00:00:00.000Z,e76ce642-83d4-6e6b-efae-61c38e7a1065,[],,OnlineServices
9ff00383-6135-a107-5741-d73ace6dd0ee,6e6e95ba-7800-9658-d0e2-21e1e6564976,Initech Digital 018,tenant0018.onmicrosoft.com,GB,G295819866,2275314,0,000000000000,2026-04-04T08:44:44.000Z,CFQ7TTC0LFLX,0021,CFQ7TTC12ZPW,Microsoft 365 E3 (no Teams),Microsoft 365 E3,cycleCharge,40.79000000000000000000,4.000000000000000000,163.16000000000000000000,0E-20,163.16000000000000000000,USD,,Microsoft Corporation,,,e86fec20-fc82-e8a4-81ce-c8924f633f6c,2026-04-04T00:00:00.000Z,2027-04-04T00:00:00.000Z,One-Year commitment for monthly/yearly billing,40.79000000000000000000,,000000000000,4.000000000000000000,Annual,USD,1.00000000000000000000000000,2026-04-01T00:00:00.000Z,,8e9e4dc8-02e7-359d-4199-7078c37caf7a,,2025-10-10T00:00:00.000Z,2026-10-10T00:00:00.000Z,4b337007-128c-3bba-f735-a2010a924071,[],,Software
9ff00383-6135-a107-5741-d73ace6dd0ee,75202a54-3aba-eae0-8685-e0b5b7038780,Globex Systems 019,tenant0019.onmicrosoft.com,IT,G295819866,2275314,0,000000000000,2026-04-01T01:45:52.000Z,CFQ7TTC0LH18,0001,CFQ7TTC0HHS9,Teams Phone Standard,Teams Phone Standard,cycleCharge,12.29000000000000000000,18.000000000000000000,221.22000000000000000000,0E-20,221.22000000000000000000,USD,,Microsoft Corporation,,,69ffa8ce-4341-c73d-3661-58afb53bf5ff,2026-04-18T00:00:00.000Z,2027-04-18T00:00:00.000Z,Three-Year commitment for monthly/yearly billing,12.29000000000000000000,,000000000000,18.000000000000000000,,USD,1.00000000000000000000000000,2026-04-01T00:00:00.000Z,,f82e8f46-5ce0-3442-e83f-4e212d492318,,2025-10-03T00:00:00.000Z,2028-10-02T00:00:00.000Z,6c7dc971-17bb-8b45-908b-0374320299de,[],,OnlineServices
9ff00383-6135-a107-5741-d73ace6dd0ee,faea047e-8a9a-973a-768e-ec0506d110b8,Pied Labs 020,tenant0020.onmicrosoft.com,DE,G295819866,2275314,0,000000000000,2026-04-09T22:55:31.000Z,CFQ7TTC0LH18,0001,CFQ7TTC0HHS9,Teams Phone Standard,Teams Phone Standard,cycleCharge,36.50000000000000000000,15.000000000000000000,547.50000000000000000000,0E-20,547.50000000000000000000,USD,,Microsoft Corporation,,,18a269d5-1673-3b98-d8ef-f895b94fba1c,2026-04-04T00:00:00.000Z,2026-05-04T00:00:00.000Z,Three-Year commitment for monthly/yearly billing,36.50000000000000000000,,000000000000,15.000000000000000000,Monthly,USD,1.00000000000000000000000000,2026-04-01T00:00:00.000Z,,100947c2-d0bc-096d-a9a9-d6946e947841,,2025-06-03T00:00:00.000Z,2027-06-03T00:00:00.000Z,ee9f6b3a-27ec-695b-7b7e-68bf882b3c0e,[],,Azure
9ff00383-6135-a107-5741-d73ace6dd0ee,93b0d751-c15a-dbf2-ffc7-da7aa2034f04,Hooli Systems 021,tenant0021.onmicrosoft.com,US,G295819866,2275314,0,000000000000,2026-04-18T16:29:44.000Z,CFQ7TTC0LH18,0001,CFQ7TTC0HHS9,Teams Phone Standard,Teams Phone Standard,cycleCharge,16.97000000000000000000,6.000000000000000000,101.82000000000000000000,0E-20,101.82000000000000000000,USD,,Microsoft Corporation,,,72db2434-36e0-5cf4-cb94-fdff59942334,2026-04-03T00:00:00.000Z,2027-04-03T00:00:00.000Z,One-Month commitment for monthly billing,16.97000000000000000000,,000000000000,6.000000000000000000,,USD,1.00000000000000000000000000,2026-04-01T00:00:00.000Z,,326ffb7d-9133-ab4f-faf9-0babd0a3740b,,2025-08-10T00:00:00.000Z,2028-08-09T00:00:00.000Z,4ab4b888-c1e6-a79e-c3cf-1b460fb6cfe8,[],,Azure
9ff00383-6135-a107-5741-d73ace6dd0ee,c2c46e8f-3875-674f-14a4-53cb4182ab56,Soylent Cloud 022,tenant0022.onmicrosoft.com,GB,G295819866,2275314,0,000000000000,2026-04-02T16:29:35.000Z,CFQ7TTC0LH18,0001,CFQ7TTC0HHS9,Teams Phone Standard,Teams Phone Standard,renew,23.42000000000000000000,2.000000000000000000,46.84000000000000000000,0E-20,46.84000000000000000000,USD,,Microsoft Corporation,,,2a0a1dc6-f2fe-7f04-5fa0-05d05ee1ab31,2026-04-01T00:00:00.000Z,2026-05-01T00:00:00.000Z,One-Month commitment for monthly billing,23.42000000000000000000,,000000000000,2.000000000000000000,Annual,USD,1.00000000000000000000000000,2026-04-01T00:00:00.000Z,,96e7fc99-5cc7-ebfe-6be3-38d0a6cadbae,,2026-03-02T00:00:00.000Z,2029-03-01T00:00:00.000Z,1fd7f109-1744-609a-72ab-8d75c51e718a,[],,Software
9ff00383-6135-a107-5741-d73ace6dd0ee,89ee4982-3669-d74b-dff4-62f1fbb28325,Vandelay Networks 023,tenant0023.onmicrosoft.com,GB,G295819866,2275314,0,000000000000,2026-04-20T06:13:48.000Z,CFQ7TTC0LFLX,0021,CFQ7TTC127J1,Microsoft 365 E3 (no Teams),Microsoft 365 E3,cycleCharge,41.31000000000000000000,2.000000000000000000,82.62000000000000000000,0E-20,82.62000000000000000000,USD,,Microsoft Corporation,,,ba611481-7b50-d800-575f-a4b7f00bd6d8,2026-04-04T00:00:00.000Z,2027-04-04T00:00:00.000Z,One-Month commitment for monthly billing,41.31000000000000000000,,000000000000,2.000000000000000000,,USD,1.00000000000000000000000000,2026-04-01T00:00:00.000Z,,5bffb928-ea96-1fa9-633e-dbf37e281fce,,2026-03-16T00:00:00.000Z,2029-03-15T00:00:00.000Z,435600fa-512e-953e-8ed6-a7865b3af3aa,[],,OnlineServices
9ff00383-6135-a107-5741-d73ace6dd0ee,de6d0499-2ca1-a699-313c-53b225eae342,Hooli Holdings 024,tenant0024.onmicrosoft.com,IT,G295819866,2275314,0,000000000000,2026-04-19T14:39:11.000Z,CFQ7TTC0LH18,0001,CFQ7TTC0HHS9,Teams Phone Standard,Teams Phone Standard,cycleCharge,3.08000000000000000000,25.000000000000000000,77.00000000000000000000,0E-20,77.00000000000000000000,USD,,Microsoft Corporation,,,0bcc3e6b-2b17-95f5-1df1-4c2960d61340,2026-04-23T00:00:00.000Z,2027-04-23T00:00:00.000Z,One-Year commitment for monthly/yearly billing,3.08000000000000000000,,000000000000,25.000000000000000000,Monthly,USD,1.00000000000000000000000000,2026-04-01T00:00:00.000Z,,caa4266d-115a-77df-fc54-fe2cf040bed4,,2026-01-14T00:00:00.000Z,2028-01-14T00:00:00.000Z,2061633e-43a0-3a82-adb7-025f20033a81,[],,Azure
9ff00383-6135-a107-5741-d73ace6dd0ee,4e8673ad-6f87-3174-93db-ccd19624cf25,Soylent Systems 025,tenant0025.onmicrosoft.com,US,G295819866,2275314,0,000000000000,2026-04-20T08:38:38.000Z,CFQ7TTC0LH18,0001,CFQ7TTC0HHS9,Teams Phone Standard,Teams Phone Standard,renew,42.65000000000000000000,24.000000000000000000,1023.60000000000000000000,0E-20,1023.60000000000000000000,USD,,Microsoft Corporation,,,f07da795-c3de-0897-cd45-2e9c202c2f5e,2026-04-13T00:00:00.000Z,2027-04-13T00:00:00.000Z,One-Month commitment for monthly billing,42.65000000000000000000,,000000000000,24.000000000000000000,Monthly,USD,1.00000000000000000000000000,2026-04-01T00:00:00.000Z,,09105714-2599-abe2-f7c9-18db8b019fc4,,2025-12-17T00:00:00.000Z,2026-12-17T00:00:00.000Z,dcb10793-6173-164c-a544-7a82a16d5b66,[],,OnlineServices
9ff00383-6135-a107-5741-d73ace6dd0ee,72901997-644f-4f28-6162-cb5033f82b94,Pied Cloud 026,tenant0026.onmicrosoft.com,US,G295819866,2275314,0,000000000000,2026-04-11T01:27:18.000Z,CFQ7TTC0LH04,0002,CFQ7TTC0LCH4,Power BI Pro,Power BI Pro,cycleCharge,8.28000000000000000000,10.000000000000000000,82.80000000000000000000,0E-20,82.80000000000000000000,USD,,Microsoft Corporation,,,16e81553-af88-bf8e-2a69-df8428dea1fd,2026-04-28T00:00:00.000Z,2027-04-28T00:00:00.000Z,One-Month commitment for monthly billing,8.28000000000000000000,,000000000000,10.000000000000000000,Monthly,USD,1.00000000000000000000000000,2026-04-01T00:00:00.000Z,,24e211f1-0c63-1cde-8a40-03ad32022e1e,,2025-04-30T00:00:00.000Z,2028-04-29T00:00:00.000Z,3701ea0e-7693-a81c-8217-0798aeff8085,[],,Azure
9ff00383-6135-a107-5741-d73ace6dd0ee,2ced5e4d-746f-925c-ae03-966811aa145c,Soylent Holdings 027,tenant0027.onmicrosoft.com,FR,G295819866,2275314,0,000000000000,2026-04-21T06:12:03.000Z,CFQ7TTC0LH04,0002,CFQ7TTC0LCH4,Power BI Pro,Power BI Pro,newSubscription,30.93000000000000000000,13.000000000000000000,402.09000000000000000000,0E-20,402.09000000000000000000,USD,,Microsoft Corporation,,,2852ab35-3482-c8f5-f500-a73f4da601c8,2026-04-21T00:00:00.000Z,2027-04-21T00:00:00.000Z,One-Year commitment for monthly/yearly billing,30.93000000000000000000,,000000000000,13.000000000000000000,Monthly,USD,1.00000000000000000000000000,2026-04-01T00:00:00.000Z,,6270e639-9182-fb67-7da7-f2ba21cc5a8d,,2025-09-18T00:00:00.000Z,2027-09-18T00:00:00.000Z,5d4f5a6d-5286-cada-d8f9-9f88a678b5f4,[],,OnlineServices
9ff00383-6135-a107-5741-d73ace6dd0ee,0e66cd95-a7c8-9421-1825-0d61c87248e7,Initech Group 028,tenant0028.onmicrosoft.com,IT,G295819866,2275314,0,000000000000,2026-04-26T10:11:11.000Z,CFQ7TTC0LH18,0001,CFQ7TTC0HHS9,Teams Phone Standard,Teams Phone Standard,cycleCharge,12.21000000000000000000,25.000000000000000000,305.25000000000000000000,0E-20,305.25000000000000000000,USD,,Microsoft Corporation,,,3f922505-6474-7412-1c19-e8c5b134b70f,2026-04-26T00:00:00.000Z,2026-05-26T00:00:00.000Z,One-Year commitment for monthly/yearly billing,12.21000000000000000000,,000000000000,25.000000000000000000,Monthly,USD,1.00000000000000000000000000,2026-04-01T00:00:00.000Z,,2298569a-6041-ccab-966b-40d57064680d,,2025-07-12T00:00:00.000Z,2026-07-12T00:00:00.000Z,f6d96eb1-318e-d6aa-a1b1-ef330c9acffb,[],,Azure
9ff00383-6135-a107-5741-d73ace6dd0ee,e2ab0879-e3cd-2b2e-8b6d-9359d59c5341,Vandelay Systems 029,tenant0029.onmicrosoft.com,IT,G295819866,2275314,0,000000000000,2026-04-17T12:22:07.000Z,CFQ7TTC0LFLX,0021,CFQ7TTC12ZPW,Microsoft 365 E3 (no Teams),Microsoft 365 E3,renew,16.75000000000000000000,24.000000000000000000,402.00000000000000000000,0E-20,402.00000000000000000000,USD,,Microsoft Corporation,,,8b4326ad-1aab-3f49-cedc-ce86192bd232,2026-04-28T00:00:00.000Z,2027-04-28T00:00:00.000Z,One-Year commitment for monthly/yearly billing,16.75000000000000000000,,000000000000,24.000000000000000000,Annual,USD,1.00000000000000000000000000,2026-04-01T00:00:00.000Z,,1e23b6cc-de4f-0770-bb4a-529f770825c7,,2025-12-03T00:00:00.000Z,2028-12-02T00:00:00.000Z,7fc3e400-0e67-a7eb-51b0-fda08294e4d7,[],,Azure
9ff00383-6135-a107-5741-d73ace6dd0ee,afbc84ba-44ac-8875-8b92-12256081282d,Vandelay Holdings 030,tenant0030.onmicrosoft.com,FR,G295819866,2275314,0,000000000000,2026-04-06T19:38:59.000Z,CFQ7TTC0LFLX,0021,CFQ7TTC127J1,Microsoft 365 E3 (no Teams),Microsoft 365 E3,cycleCharge,28.48000000000000000000,12.000000000000000000,341.76000000000000000000,0E-20,341.76000000000000000000,USD,,Microsoft Corporation,,,6d247cf3-4931-438e-bc01-c74c256797b9,2026-04-27T00:00:00.000Z,2027-04-27T00:00:00.000Z,Three-Year commitment for monthly/yearly billing,28.48000000000000000000,,000000000000,12.000000000000000000,Annual,USD,1.00000000000000000000000000,2026-04-01T00:00:00.000Z,,61a86430-9cb6-af2f-cae4-ad7a8407be6a,,2026-04-27T00:00:00.000Z,2027-04-27T00:00:00.000Z,239f9e5a-31a2-04fb-a808-b06e18ebd1f2,[],,OnlineServices
9ff00383-6135-a107-5741-d73ace6dd0ee,f322df02-15ad-cb3a-ccc6-67d43b980ddb,Umbrella Holdings 031,tenant0031.onmicrosoft.com,FR,G295819866,2275314,0,000000000000,2026-04-14T12:12:33.000Z,CFQ7TTC0LH16,0001,CFQ7TTC0W27W,Exchange Online (Plan 1),Exchange Online (Plan 1),cancelSubscription,25.42000000000000000000,19.000000000000000000,482.98000000000000000000,0E-20,482.98000000000000000000,USD,,Microsoft Corporation,,,99e0c6b0-6ccd-f2c9-9240-53345c4dd296,2026-04-15T00:00:00.000Z,2027-04-15T00:00:00.000Z,One-Year commitment for monthly/yearly billing,25.42000000000000000000,,000000000000,19.000000000000000000,,USD,1.00000000000000000000000000,2026-04-01T00:00:00.000Z,,33f537c5-c5f3-3990-1640-74f2d560edd2,,2025-12-19T00:00:00.000Z,2028-12-18T00:00:00.000Z,eadf7af7-e9e6-5751-a697-031bc69e8bdd,[],,OnlineServices
9ff00383-6135-a107-5741-d73ace6dd0ee,9a5e028b-1318-ce4d-0de4-492f962ad935,Initech Cloud 032,tenant0032.onmicrosoft.com,US,G295819866,2275314,0,000000000000,2026-04-17T06:41:52.000Z,CFQ7TTC0LFLX,0021,CFQ7TTC12ZPW,Microsoft 365 E3 (no Teams),Microsoft 365 E3,cycleCharge,26.68000000000000000000,25.000000000000000000,667.00000000000000000000,0E-20,667.00000000000000000000,USD,,Microsoft Corporation,,,0fe8d62d-37cd-42a3-1a20-51380f0d86ab,2026-04-09T00:00:00.000Z,2027-04-09T00:00:00.000Z,One-Month commitment for monthly billing,26.68000000000000000000,,000000000000,25.000000000000000000,Monthly,USD,1.00000000000000000000000000,2026-04-01T00:00:00.000Z,,2295357f-5fb1-2c4c-2376-b67ad6bb5d0c,,2025-11-18T00:00:00.000Z,2026-11-18T00:00:00.000Z,40aba405-1c64-1fe4-37f7-1b2756bdd7f6,[],,Azure
9ff00383-6135-a107-5741-d73ace6dd0ee,7a850978-409c-b228-84b0-200d616bb021,Vandelay Networks 033,tenant0033.onmicrosoft.com,GB,G295819866,2275314,0,000000000000,2026-04-01T23:07:56.000Z,CFQ7TTC0LH16,0001,CFQ7TTC0W27W,Exchange Online (Plan 1),Exchange Online (Plan 1),cycleCharge,18.59000000000000000000,25.000000000000000000,464.75000000000000000000,0E-20,464.75000000000000000000,USD,,Microsoft Corporation,,,591ebb11-17ee-f61d-0804-731b281f8b35,2026-04-07T00:00:00.000Z,2027-04-07T00:00:00.000Z,One-Month commitment for monthly billing,18.59000000000000000000,,000000000000,25.000000000000000000,Annual,USD,1.00000000000000000000000000,2026-04-01T00:00:00.000Z,,182e1d41-0d0c-6c98-6035-6f150a7515e8,,2026-01-16T00:00:00.000Z,2029-01-15T00:00:00.000Z,9bc773d2-513c-f75e-280c-c3ef829f0340,[],,Azure
9ff00383-6135-a107-5741-d73ace6dd0ee,13d961ea-f8a0-8f07-00af-2db8cc780b2c,Hooli Group 034,tenant0034.onmicrosoft.com,US,G295819866,2275314,0,000000000000,2026-04-21T16:16:54.000Z,CFQ7TTC0LH16,0001,CFQ7TTC0W27W,Exchange Online (Plan 1),Exchange Online (Plan 1),renew,24.58000000000000000000,8.000000000000000000,196.64000000000000000000,0E-20,196.64000000000000000000,USD,,Microsoft Corporation,,,c6036154-4dc8-c2bc-3722-803481e284da,2026-04-28T00:00:00.000Z,2026-05-28T00:00:00.000Z,One-Year commitment for monthly/yearly billing,24.58000000000000000000,,000000000000,8.000000000000000000,Annual,USD,1.00000000000000000000000000,2026-04-01T00:00:00.000Z,,827d10cb-8654-22c9-7f81-99c5a0cfbcd6,,2025-06-22T00:00:00.000Z,2027-06-22T00:00:00.000Z,e237b09e-d982-d51e-ece4-d22eea5add37,[],,Software
9ff00383-6135-a107-5741-d73ace6dd0ee,36b816cd-a753-e104-bd6d-81e75e587190,Initech Networks 035,tenant0035.onmicrosoft.com,IT,G295819866,2275314,0,000000000000,2026-04-01T07:05:52.000Z,CFQ7TTC0LH18,0001,CFQ7TTC0HHS9,Teams Phone Standard,Teams Phone Standard,renew,36.31000000000000000000,7.000000000000000000,254.17000000000000000000,0E-20,254.17000000000000000000,USD,,Microsoft Corporation,,,837b9457-46aa-04af-bb78-98364a72e445,2026-04-14T00:00:00.000Z,2027-04-14T00:00:00.000Z,One-Month commitment for monthly billing,36.31000000000000000000,,000000000000,7.000000000000000000,Monthly,USD,1.00000000000000000000000000,2026-04-01T00:00:00.000Z,,53dfcb93-a2d9-038a-cf34-de8a660fa1a6,,2025-05-08T00:00:00.000Z,2027-05-08T00:00:00.000Z,8d7c4aef-f905-151d-afb6-d345f38d5f60,[],,OnlineServices
9ff00383-6135-a107-5741-d73ace6dd0ee,9a983247-9520-4d51-4ebf-75008eab4a72,Hooli Digital 036,tenant0036.onmicrosoft.com,DE,G295819866,2275314,0,000000000000,2026-04-21T12:50:22.000Z,CFQ7TTC0LH04,0002,CFQ7TTC0LCH4,Power BI Pro,Power BI Pro,cycleCharge,24.23000000000000000000,7.000000000000000000,169.61000000000000000000,0E-20,169.61000000000000000000,USD,,Microsoft Corporation,,,cad2c7a3-63dd-1cd8-12f1-59f4d1657ed4,2026-04-09T00:00:00.000Z,2026-05-09T00:00:00.000Z,Three-Year commitment for monthly/yearly billing,24.23000000000000000000,,000000000000,7.000000000000000000,Annual,USD,1.00000000000000000000000000,2026-04-01T00:00:00.000Z,,ad8b5d79-0108-e994-22c5-1513d62a880c,,2026-04-07T00:00:00.000Z,2028-04-06T00:00:00.000Z,17942b5c-609a-fcc1-d91f-3d79150c4ded,[],,OnlineServices
9ff00383-6135-a107-5741-d73ace6dd0ee,aec016cc-8b5a-ad46-2a76-3c67e2f0ba19,Initech Group 037,tenant0037.onmicrosoft.com,GB,G295819866,2275314,0,000000000000,2026-04-01T12:04:19.000Z,CFQ7TTC0LH18,0001,CFQ7TTC0HHS9,Teams Phone Standard,Teams Phone Standard,cycleCharge,12.06000000000000000000,17.000000000000000000,205.02000000000000000000,0E-20,205.02000000000000000000,USD,,Microsoft Corporation,,,edad25d4-53b1-e493-7797-fb90a0dd71cb,2026-04-05T00:00:00.000Z,2027-04-05T00:00:00.000Z,One-Year commitment for monthly/yearly billing,12.06000000000000000000,,000000000000,17.000000000000000000,Monthly,USD,1.00000000000000000000000000,2026-04-01T00:00:00.000Z,,e79d86e4-d99a-ddd7-f823-388a97a190f6,,2025-05-15T00:00:00.000Z,2027-05-15T00:00:00.000Z,fe92fea3-a767-4c7a-db64-a1a1c2b75e2a,[],,Software
9ff00383-6135-a107-5741-d73ace6dd0ee,76f88559-6734-8497-f6f5-85eeab5f6d1d,Soylent Systems 038,tenant0038.onmicrosoft.com,IT,G295819866,2275314,0,000000000000,2026-04-08T02:22:44.000Z,CFQ7TTC0LH16,0001,CFQ7TTC0W27W,Exchange Online (Plan 1),Exchange Online (Plan 1),cycleCharge,40.74000000000000000000,4.000000000000000000,162.96000000000000000000,0E-20,162.96000000000000000000,USD,,Microsoft Corporation,,,ec5ee5d4-ce37-0c35-952c-62358df57b0f,2026-04-26T00:00:00.000Z,2027-04-26T00:00:00.000Z,One-Month commitment for monthly billing,40.74000000000000000000,,000000000000,4.000000000000000000,Monthly,USD,1.00000000000000000000000000,2026-04-01T00:00:00.000Z,,488e6e69-e6be-219d-278d-8e8264646104,,2026-04-01T00:00:00.000Z,2028-03-31T00:00:00.000Z,24f74e1c-7293-a27c-a27d-79da4ee338a2,[],,OnlineServices
9ff00383-6135-a107-5741-d73ace6dd0ee,638cd66d-1392-3985-68fe-e03a47213108,Initech Group 039,tenant0039.onmicrosoft.com,DE,G295819866,2275314,0,000000000000,2026-04-13T19:14:22.000Z,CFQ7TTC0LFLX,0021,CFQ7TTC127J1,Microsoft 365 E3 (no Teams),Microsoft 365 E3,newSubscription,8.29000000000000000000,15.000000000000000000,124.35000000000000000000,0E-20,124.35000000000000000000,USD,,Microsoft Corporation,,,aecaddd8-b6a7-b6ce-a472-9926984df0ac,2026-04-09T00:00:00.000Z,2027-04-09T00:00:00.000Z,Three-Year commitment for monthly/yearly billing,8.29000000000000000000,,000000000000,15.000000000000000000,,USD,1.00000000000000000000000000,2026-04-01T00:00:00.000Z,,b44958cd-0f3c-28d5-6316-dff275f94baf,,2025-04-28T00:00:00.000Z,2028-04-27T00:00:00.000Z,ed7af8a8-4c20-2ae4-b5f4-4355819e08b3,[],,Software
9ff00383-6135-a107-5741-d73ace6dd0ee,451887ea-4360-a543-cd1d-0ecba2b10ebf,Soylent Labs 040,tenant0040.onmicrosoft.com,DE,G295819866,2275314,0,000000000000,2026-04-15T12:01:02.000Z,CFQ7TTC0LH04,0002,CFQ7TTC0LCH4,Power BI Pro,Power BI Pro,cycleCharge,44.68000000000000000000,8.000000000000000000,357.44000000000000000000,0E-20,357.44000000000000000000,USD,,Microsoft Corporation,,,2fa42188-b0bd-4294-844c-d8057bcd1f53,2026-04-07T00:00:00.000Z,2026-05-07T00:00:00.000Z,One-Month commitment for monthly billing,44.68000000000000000000,,000000000000,8.000000000000000000,Annual,USD,1.00000000000000000000000000,2026-04-01T00:00:00.000Z,,671471e3-5a6b-9c98-bd0c-8ffdd808ed9d,,2025-05-02T00:00:00.000Z,2028-05-01T00:00:00.000Z,f706a663-371a-f662-7ae7-1f34af447bc8,[],,Software
9ff00383-6135-a107-5741-d73ace6dd0ee,2c8930a5-28cc-ab29-b6fa-c766f58380d8,Soylent Systems 041,tenant0041.onmicrosoft.com,IT,G295819866,2275314,0,000000000000,2026-04-03T15:18:24.000Z,CFQ7TTC0LFLX,0021,CFQ7TTC12ZPW,Microsoft 365 E3 (no Teams),Microsoft 365 E3,cycleCharge,39.54000000000000000000,13.000000000000000000,514.02000000000000000000,0E-20,514.02000000000000000000,USD,,Microsoft Corporation,,,fcc11ab4-6ca2-92b9-262e-454d1f2c3158,2026-04-07T00:00:00.000Z,2026-05-07T00:00:00.000Z,Three-Year commitment for monthly/yearly billing,39.54000000000000000000,,000000000000,13.000000000000000000,Annual,USD,1.00000000000000000000000000,2026-04-01T00:00:00.000Z,,3bbda3dd-7a06-dc3c-9322-5018e1826438,,2025-09-19T00:00:00.000Z,2028-09-18T00:00:00.000Z,48cee372-95f9-c300-5eed-a8b7c885fc8e,[],,Azure
9ff00383-6135-a107-5741-d73ace6dd0ee,8f1d242d-571b-a67d-f1ac-579bb11d8738,Soylent Holdings 042,tenant0042.onmicrosoft.com,DE,G295819866,2275314,0,000000000000,2026-04-06T08:29:21.000Z,CFQ7TTC0LH16,0001,CFQ7TTC0W27W,Exchange Online (Plan 1),Exchange Online (Plan 1),renew,23.10000000000000000000,12.000000000000000000,277.20000000000000000000,0E-20,277.20000000000000000000,USD,,Microsoft Corporation,,,fbf810e3-da0c-2580-0645-d4134d759275,2026-04-17T00:00:00.000Z,2026-05-17T00:00:00.000Z,One-Year commitment for monthly/yearly billing,23.10000000000000000000,,000000000000,12.000000000000000000,Monthly,USD,1.00000000000000000000000000,2026-04-01T00:00:00.000Z,,5c114859-fc12-23e5-afdb-00070e596f09,,2025-07-28T00:00:00.000Z,2028-07-27T00:00:00.000Z,b2fae45e-d859-7e42-c471-e979d4d7f0d0,[],,Azure
9ff00383-6135-a107-5741-d73ace6dd0ee,984a0de1-9952-89f6-04a0-320bf27a9918,Hooli Labs 043,tenant0043.onmicrosoft.com,US,G295819866,2275314,0,000000000000,2026-04-20T19:02:37.000Z,CFQ7TTC0LH18,0001,CFQ7TTC0HHS9,Teams Phone Standard,Teams Phone Standard,renew,27.66000000000000000000,1.000000000000000000,27.66000000000000000000,0E-20,27.66000000000000000000,USD,,Microsoft Corporation,,,550c4345-3822-91eb-f832-4582a5139efa,2026-04-10T00:00:00.000Z,2026-05-10T00:00:00.000Z,Three-Year commitment for monthly/yearly billing,27.66000000000000000000,,000000000000,1.000000000000000000,Monthly,USD,1.00000000000000000000000000,2026-04-01T00:00:00.000Z,,b5ddffee-87dd-83c5-23d9-42900da387db,,2025-06-02T00:00:00.000Z,2026-06-02T00:00:00.000Z,8e356938-8238-0e72-14b0-07df4b068351,[],,Azure
9ff00383-6135-a107-5741-d73ace6dd0ee,70e5da97-165c-54f9-bcf0-99438a787254,Vandelay Systems 044,tenant0044.onmicrosoft.com,IT,G295819866,2275314,0,000000000000,2026-04-30T09:54:54.000Z,CFQ7TTC0LH16,0001,CFQ7TTC0W27W,Exchange Online (Plan 1),Exchange Online (Plan 1),cycleCharge,6.43000000000000000000,9.000000000000000000,57.87000000000000000000,0E-20,57.87000000000000000000,USD,,Microsoft Corporation,,,04c49332-ca23-85da-fab8-e8ae90ca400a,2026-04-16T00:00:00.000Z,2027-04-16T00:00:00.000Z,Three-Year commitment for monthly/yearly billing,6.43000000000000000000,,000000000000,9.000000000000000000,Annual,USD,1.00000000000000000000000000,2026-04-01T00:00:00.000Z,,0ce7737b-4dbb-4be5-66cd-648846d31a0f,,2025-10-09T00:00:00.000Z,2027-10-09T00:00:00.000Z,8001d5cc-d98b-e152-c467-d50e000c3438,[],,Azure
9ff00383-6135-a107-5741-d73ace6dd0ee,e7de7b77-d190-5297-c858-e9e126ff963b,Soylent Labs 045,tenant0045.onmicrosoft.com,DE,G295819866,2275314,0,000000000000,2026-04-29T22:25:22.000Z,CFQ7TTC0LFLX,0021,CFQ7TTC12ZPW,Microsoft 365 E3 (no Teams),Microsoft 365 E3,cycleCharge,11.06000000000000000000,14.000000000000000000,154.84000000000000000000,0E-20,154.84000000000000000000,USD,,Microsoft Corporation,,,c80c6ea9-2296-76f8-5b34-aadb953654fb,2026-04-19T00:00:00.000Z,2027-04-19T00:00:00.000Z,One-Month commitment for monthly billing,11.06000000000000000000,,000000000000,14.000000000000000000,Monthly,USD,1.00000000000000000000000000,2026-04-01T00:00:00.000Z,,f1c13c69-0b84-3d9b-3f61-36ea93125b1d,,2025-06-08T00:00:00.000Z,2027-06-08T00:00:00.000Z,ac6fce2d-b9ae-6d10-e2d1-adcd09b083e9,[],,Azure
9ff00383-6135-a107-5741-d73ace6dd0ee,64128fd7-928b-e86c-5f34-6af11ea7b05f,Vandelay Cloud 046,tenant0046.onmicrosoft.com,FR,G295819866,2275314,0,000000000000,2026-04-20T20:55:00.000Z,CFQ7TTC0LH04,0002,CFQ7TTC0LCH4,Power BI Pro,Power BI Pro,cycleCharge,43.90000000000000000000,5.000000000000000000,219.50000000000000000000,0E-20,219.50000000000000000000,USD,,Microsoft Corporation,,,4d9a6cb6-634c-4939-9767-9ae9ee38bdce,2026-04-10T00:00:00.000Z,2027-04-10T00:00:00.000Z,Three-Year commitment for monthly/yearly billing,43.90000000000000000000,,000000000000,5.000000000000000000,,USD,1.00000000000000000000000000,2026-04-01T00:00:00.000Z,,4313036a-0795-e87a-aa3a-78f04627ee69,,2026-03-03T00:00:00.000Z,2028-03-02T00:00:00.000Z,d3b45d8b-309d-2d7c-a7a3-209068fa0112,[],,Software
9ff00383-6135-a107-5741-d73ace6dd0ee,e104f63f-2bc2-1c16-a89c-48e683152ffb,Globex Networks 047,tenant0047.onmicrosoft.com,GB,G295819866,2275314,0,000000000000,2026-04-06T21:49:02.000Z,CFQ7TTC0LFLX,0021,CFQ7TTC127J1,Microsoft 365 E3 (no Teams),Microsoft 365 E3,cycleCharge,12.47000000000000000000,20.000000000000000000,249.40000000000000000000,0E-20,249.40000000000000000000,USD,,Microsoft Corporation,,,712be16f-9e7d-5d89-489f-ec4b83f81cae,2026-04-10T00:00:00.000Z,2026-05-10T00:00:00.000Z,Three-Year commitment for monthly/yearly billing,12.47000000000000000000,,000000000000,20.000000000000000000,Annual,USD,1.00000000000000000000000000,2026-04-01T00:00:00.000Z,,8257b386-e8d8-1d82-e0f5-bf9293c1c094,,2025-06-12T00:00:00.000Z,2026-06-12T00:00:00.000Z,2dd2d367-acbf-bc41-a750-bd59f6b4a038,[],,Azure
9ff00383-6135-a107-5741-d73ace6dd0ee,ec831754-833c-adaa-6b1e-cdfa305caed1,Hooli Networks 048,tenant0048.onmicrosoft.com,FR,G295819866,2275314,0,000000000000,2026-04-08T11:30:29.000Z,CFQ7TTC0LFLX,0021,CFQ7TTC12ZPW,Microsoft 365 E3 (no Teams),Microsoft 365 E3,cycleCharge,31.78000000000000000000,23.000000000000000000,730.94000000000000000000,0E-20,730.94000000000000000000,USD,,Microsoft Corporation,,,8c804242-23ec-86f3-19a2-2f68efeb584e,2026-04-16T00:00:00.000Z,2026-05-16T00:00:00.000Z,One-Year commitment for monthly/yearly billing,31.78000000000000000000,,000000000000,23.000000000000000000,,USD,1.00000000000000000000000000,2026-04-01T00:00:00.000Z,,f2d3681e-275d-ebed-5632-a823935f324c,,2025-09-27T00:00:00.000Z,2027-09-27T00:00:00.000Z,d217d43c-d690-e2b4-9946-a4145d38ed1a,[],,OnlineServices
9ff00383-6135-a107-5741-d73ace6dd0ee,0309b8f8-ef70-38f9-0cc4-eed97414f71c,Hooli Group 049,tenant0049.onmicrosoft.com,DE,G295819866,2275314,0,000000000000,2026-04-30T22:56:27.000Z,CFQ7TTC0LH18,0001,CFQ7TTC0HHS9,Teams Phone Standard,Teams Phone Standard,cycleCharge,3.63000000000000000000,20.000000000000000000,72.60000000000000000000,0E-20,72.60000000000000000000,USD,,Microsoft Corporation,,,00b12f33-7088-38ad-9ff6-20a41cf940b3,2026-04-01T00:00:00.000Z,2027-04-01T00:00:00.000Z,One-Month commitment for monthly billing,3.63000000000000000000,,000000000000,20.000000000000000000,Monthly,USD,1.00000000000000000000000000,2026-04-01T00:00:00.000Z,,8ee8de69-2ca1-4644-7894-374ad065cea3,,2025-07-10T00:00:00.000Z,2026-07-10T00:00:00.000Z,b8802125-5be6-e02b-dc2f-57fa555dabeb,[],,OnlineServices
9ff00383-6135-a107-5741-d73ace6dd0ee,95ef61a0-f182-9211-a22a-793b5e5ff111,Initech Systems 050,tenant0050.onmicrosoft.com,US,G295819866,2275314,0,000000000000,2026-04-15T08:29:33.000Z,CFQ7TTC0LH18,0001,CFQ7TTC0HHS9,Teams Phone Standard,Teams Phone Standard,renew,27.63000000000000000000,1.000000000000000000,27.63000000000000000000,0E-20,27.63000000000000000000,USD,,Microsoft Corporation,,,c4fdc578-39a9-ee3b-66b1-e3a32dcf56b2,2026-04-25T00:00:00.000Z,2027-04-25T00:00:00.000Z,Three-Year commitment for monthly/yearly billing,27.63000000000000000000,,000000000000,1.000000000000000000,,USD,1.00000000000000000000000000,2026-04-01T00:00:00.000Z,,4df9b093-fd37-b899-21bd-a60e96dcea16,,2025-07-03T00:00:00.000Z,2027-07-03T00:00:00.000Z,cd54fffe-4db8-cc7c-7e1b-437c2bc3eeb2,[],,Azure
9ff00383-6135-a107-5741-d73ace6dd0ee,d9003eba-4fad-88f3-9f16-4a4fce569f50,Initech Labs 051,tenant0051.onmicrosoft.com,FR,G295819866,2275314,0,000000000000,2026-04-12T11:38:05.000Z,CFQ7TTC0LH04,0002,CFQ7TTC0LCH4,Power BI Pro,Power BI Pro,cycleCharge,25.28000000000000000000,2.000000000000000000,50.56000000000000000000,0E-20,50.56000000000000000000,USD,,Microsoft Corporation,,,560b1b7b-523e-103c-3cdd-6bcedea52bb3,2026-04-10T00:00:00.000Z,2026-05-10T00:00:00.000Z,One-Year commitment for monthly/yearly billing,25.28000000000000000000,,000000000000,2.000000000000000000,Annual,USD,1.00000000000000000000000000,2026-04-01T00:00:00.000Z,,d58ee2d1-c13d-a50c-898a-1bb282704b72,,2025-07-03T00:00:00.000Z,2026-07-03T00:00:00.000Z,b2d6a78d-b107-30c3-3dd9-089cf1066a1f,[],,Azure
9ff00383-6135-a107-5741-d73ace6dd0ee,c25ac0c1-aada-2e8d-1e91-2078aec93fd6,Globex Group 052,tenant0052.onmicrosoft.com,IT,G295819866,2275314,0,000000000000,2026-04-16T03:52:41.000Z,CFQ7TTC0LFLX,0021,CFQ7TTC127J1,Microsoft 365 E3 (no Teams),Microsoft 365 E3,cycleCharge,36.39000000000000000000,5.000000000000000000,181.95000000000000000000,0E-20,181.95000000000000000000,USD,,Microsoft Corporation,,,779fb8e7-6bd3-5ac0-ba59-9f8bfd4ca7e9,2026-04-18T00:00:00.000Z,2027-04-18T00:00:00.000Z,One-Year commitment for monthly/yearly billing,36.39000000000000000000,,000000000000,5.000000000000000000,Annual,USD,1.00000000000000000000000000,2026-04-01T00:00:00.000Z,,8576336a-fcb9-9865-2930-210fc6d8ee79,,2026-02-02T00:00:00.000Z,2028-02-02T00:00:00.000Z,ee8b0a51-0161-e3e3-e8ff-f728306fd207,[],,Azure
9ff00383-6135-a107-5741-d73ace6dd0ee,606b4859-ad8d-cd74-79d5-ac0bb165df72,Vandelay Systems 053,tenant0053.onmicrosoft.com,DE,G295819866,2275314,0,000000000000,2026-04-27T09:20:31.000Z,CFQ7TTC0LH18,0001,CFQ7TTC0HHS9,Teams Phone Standard,Teams Phone Standard,renew,23.37000000000000000000,3.000000000000000000,70.11000000000000000000,0E-20,70.11000000000000000000,USD,,Microsoft Corporation,,,818ab06e-6b94-8896-cb89-7e147e034320,2026-04-02T00:00:00.000Z,2026-05-02T00:00:00.000Z,One-Year commitment for monthly/yearly billing,23.37000000000000000000,,000000000000,3.000000000000000000,Annual,USD,1.00000000000000000000000000,2026-04-01T00:00:00.000Z,,f7d168f2-a31d-cdac-7b0c-63b3c1bfd28a,,2025-05-18T00:00:00.000Z,2026-05-18T00:00:00.000Z,bbb26bd7-5779-3cd4-99e6-e43ec27ef27c,[],,OnlineServices
9ff00383-6135-a107-5741-d73ace6dd0ee,98406299-2159-ffaa-50ec-69f6a1d4ef1c,Umbrella Labs 054,tenant0054.onmicrosoft.com,US,G295819866,2275314,0,000000000000,2026-04-09T02:22:14.000Z,CFQ7TTC0LH16,0001,CFQ7TTC0W27W,Exchange Online (Plan 1),Exchange Online (Plan 1),cycleCharge,7.39000000000000000000,3.000000000000000000,22.17000000000000000000,0E-20,22.17000000000000000000,USD,,Microsoft Corporation,,,f0bf07e2-57c5-25b1-0850-09018bb78dba,2026-04-17T00:00:00.000Z,2027-04-17T00:00:00.000Z,One-Month commitment for monthly billing,7.39000000000000000000,,000000000000,3.000000000000000000,Annual,USD,1.00000000000000000000000000,2026-04-01T00:00:00.000Z,,179edf49-486c-aaf8-accd-0dfbfc999540,,2026-01-18T00:00:00.000Z,2027-01-18T00:00:00.000Z,a3d13ad4-c7a1-a1f2-9fb8-f0cae0300045,[],,Software
9ff00383-6135-a107-5741-d73ace6dd0ee,6e419bf5-a59e-dd22-7d89-3df8ab998075,Globex Digital 055,tenant0055.onmicrosoft.com,DE,G295819866,2275314,0,000000000000,2026-04-30T10:35:33.000Z,CFQ7TTC0LH16,0001,CFQ7TTC0W27W,Exchange Online (Plan 1),Exchange Online (Plan 1),cycleCharge,4.81000000000000000000,13.000000000000000000,62.53000000000000000000,0E-20,62.53000000000000000000,USD,,Microsoft Corporation,,,f60aac22-7af7-faf0-c8aa-69cae13bbdc5,2026-04-27T00:00:00.000Z,2026-05-27T00:00:00.000Z,One-Month commitment for monthly billing,4.81000000000000000000,,000000000000,13.000000000000000000,Monthly,USD,1.00000000000000000000000000,2026-04-01T00:00:00.000Z,,94af6c2a-570e-71a7-f124-8c3a44db7b63,,2025-06-29T00:00:00.000Z,2028-06-28T00:00:00.000Z,ce5699ae-fd52-2829-9f60-d995fe55825e,[],,Software
9ff00383-6135-a107-5741-d73ace6dd0ee,95226e8a-378b-a345-f8e0-281da0e5a4a3,Acme Cloud 056,tenant0056.onmicrosoft.com,GB,G295819866,2275314,0,000000000000,2026-04-01T19:15:38.000Z,CFQ7TTC0LFLX,0021,CFQ7TTC127J1,Microsoft 365 E3 (no Teams),Microsoft 365 E3,renew,39.32000000000000000000,24.000000000000000000,943.68000000000000000000,0E-20,943.68000000000000000000,USD,,Microsoft Corporation,,,132b9af9-8b56-0861-ba1c-932ea05ed953,2026-04-22T00:00:00.000Z,2026-05-22T00:00:00.000Z,Three-Year commitment for monthly/yearly billing,39.32000000000000000000,,000000000000,24.000000000000000000,Monthly,USD,1.00000000000000000000000000,2026-04-01T00:00:00.000Z,,c097b815-d7a5-788b-08e9-dcf9b0c42223,,2025-05-11T00:00:00.000Z,2026-05-11T00:00:00.000Z,e9f135f5-a2d6-fbab-b1ce-bcfec77cc75b,[],,Azure
9ff00383-6135-a107-5741-d73ace6dd0ee,9a2ce71b-e788-0f9f-10f5-79c2479e0fd4,Acme Digital 057,tenant0057.onmicrosoft.com,US,G295819866,2275314,0,000000000000,2026-04-01T20:45:20.000Z,CFQ7TTC0LFLX,0021,CFQ7TTC127J1,Microsoft 365 E3 (no Teams),Microsoft 365 E3,cycleCharge,37.77000000000000000000,21.000000000000000000,793.17000000000000000000,0E-20,793.17000000000000000000,USD,,Microsoft Corporation,,,70e732bb-ac1d-3077-f9fb-68393e93a734,2026-04-09T00:00:00.000Z,2027-04-09T00:00:00.000Z,One-Month commitment for monthly billing,37.77000000000000000000,,000000000000,21.000000000000000000,,USD,1.00000000000000000000000000,2026-04-01T00:00:00.000Z,,1e876d62-d5fc-0762-b9a8-2d74c0c797aa,,2025-07-06T00:00:00.000Z,2028-07-05T00:00:00.000Z,3bd8cefa-67b5-1afc-104e-384a1ae2c257,[],,Azure
9ff00383-6135-a107-5741-d73ace6dd0ee,8adbe6d7-e025-0993-21ee-9ebe86826d22,Soylent Systems 058,tenant0058.onmicrosoft.com,FR,G295819866,2275314,0,000000000000,2026-04-26T00:57:25.000Z,CFQ7TTC0LFLX,0021,CFQ7TTC12ZPW,Microsoft 365 E3 (no Teams),Microsoft 365 E3,cycleCharge,42.93000000000000000000,19.000000000000000000,815.67000000000000000000,0E-20,815.67000000000000000000,USD,,Microsoft Corporation,,,b1330363-9719-fbc6-5c34-de0431fae8ae,2026-04-09T00:00:00.000Z,2026-05-09T00:00:00.000Z,Three-Year commitment for monthly/yearly billing,42.93000000000000000000,,000000000000,19.000000000000000000,,USD,1.00000000000000000000000000,2026-04-01T00:00:00.000Z,,d773cf7d-bf24-b20c-1323-258a1535058f,,2026-02-23T00:00:00.000Z,2028-02-23T00:00:00.000Z,642f93aa-369e-aa17-83ef-7c0829038d67,[],,Azure
9ff00383-6135-a107-5741-d73ace6dd0ee,5ea7225f-e6bf-9ce7-42b0-d110130d45c2,Globex Networks 059,tenant0059.onmicrosoft.com,FR,G295819866,2275314,0,000000000000,2026-04-24T16:36:29.000Z,CFQ7TTC0LFLX,0021,CFQ7TTC127J1,Microsoft 365 E3 (no Teams),Microsoft 365 E3,cycleCharge,26.24000000000000000000,7.000000000000000000,183.68000000000000000000,0E-20,183.68000000000000000000,USD,,Microsoft Corporation,,,f88134b7-e44b-3209-a977-e751abc05454,2026-04-17T00:00:00.000Z,2027-04-17T00:00:00.000Z,One-Year commitment for monthly/yearly billing,26.24000000000000000000,,000000000000,7.000000000000000000,Monthly,USD,1.00000000000000000000000000,2026-04-01T00:00:00.000Z,,73599dba-1030-6784-276c-61d8eadb839f,,2026-02-02T00:00:00.000Z,2028-02-02T00:00:00.000Z,51b19c63-a62b-26b1-7e65-3fd1a2867e95,[],,OnlineServices
9ff00383-6135-a107-5741-d73ace6dd0ee,57b50fc9-90c3-edab-bd33-36d02b22c145,Globex Group 060,tenant0060.onmicrosoft.com,DE,G295819866,2275314,0,000000000000,2026-04-25T07:14:51.000Z,CFQ7TTC0LFLX,0021,CFQ7TTC12ZPW,Microsoft 365 E3 (no Teams),Microsoft 365 E3,cycleCharge,3.61000000000000000000,5.000000000000000000,18.05000000000000000000,0E-20,18.05000000000000000000,USD,,Microsoft Corporation,,,c95c3c69-1efa-e3a9-8ecb-ec919ce58387,2026-04-22T00:00:00.000Z,2027-04-22T00:00:00.000Z,Three-Year commitment for monthly/yearly billing,3.61000000000000000000,,000000000000,5.000000000000000000,,USD,1.00000000000000000000000000,2026-04-01T00:00:00.000Z,,92d7ecbd-febd-12dc-11f2-1c575c16a2ca,,2025-07-15T00:00:00.000Z,2027-07-15T00:00:00.000Z,5a300ba1-bfd3-3c1f-caec-fca7e6b52a3c,[],,Software
9ff00383-6135-a107-5741-d73ace6dd0ee,e6757525-3f44-68aa-5821-5bab950dc407,Globex Labs 061,tenant0061.onmicrosoft.com,DE,G295819866,2275314,0,000000000000,2026-04-23T04:46:33.000Z,CFQ7TTC0LFLX,0021,CFQ7TTC127J1,Microsoft 365 E3 (no Teams),Microsoft 365 E3,cycleCharge,41.68000000000000000000,24.000000000000000000,1000.32000000000000000000,0E-20,1000.32000000000000000000,USD,,Microsoft Corporation,,,b5fd7581-6143-7ffc-f673-457d6cd2f5be,2026-04-21T00:00:00.000Z,2027-04-21T00:00:00.000Z,One-Year commitment for monthly/yearly billing,41.68000000000000000000,,000000000000,24.000000000000000000,Monthly,USD,1.00000000000000000000000000,2026-04-01T00:00:00.000Z,,daaefffd-81ff-e7cd-4f01-83e8682c43f3,,2025-09-26T00:00:00.000Z,2026-09-26T00:00:00.000Z,fe26f533-4add-2343-7398-55ae05e32053,[],,OnlineServices
9ff00383-6135-a107-5741-d73ace6dd0ee,c0ca20f8-4108-2ead-aa33-90eccd15a5fb,Hooli Systems 062,tenant0062.onmicrosoft.com,IT,G295819866,2275314,0,000000000000,2026-04-27T06:01:43.000Z,CFQ7TTC0LFLX,0021,CFQ7TTC12ZPW,Microsoft 365 E3 (no Teams),Microsoft 365 E3,cycleCharge,10.34000000000000000000,18.000000000000000000,186.12000000000000000000,0E-20,186.12000000000000000000,USD,,Microsoft Corporation,,,61e71183-fc84-0215-589b-399f84f07503,2026-04-05T00:00:00.000Z,2026-05-05T00:00:00.000Z,One-Month commitment for monthly billing,10.34000000000000000000,,000000000000,18.000000000000000000,Monthly,USD,1.00000000000000000000000000,2026-04-01T00:00:00.000Z,,05d7d88b-5549-c98f-7cc9-79921561de47,,2025-06-04T00:00:00.000Z,2026-06-04T00:00:00.000Z,70ced241-8a92-c0e7-4efe-7f058c8f1ccc,[],,Azure
9ff00383-6135-a107-5741-d73ace6dd0ee,837bb110-4030-bef4-e4cd-3169b2a85f42,Acme Holdings 063,tenant0063.onmicrosoft.com,FR,G295819866,2275314,0,000000000000,2026-04-04T09:27:32.000Z,CFQ7TTC0LFLX,0021,CFQ7TTC127J1,Microsoft 365 E3 (no Teams),Microsoft 365 E3,renew,4.99000000000000000000,11.000000000000000000,54.89000000000000000000,0E-20,54.89000000000000000000,USD,,Microsoft Corporation,,,c8812ed6-0e82-5089-324f-5bf669452f0d,2026-04-08T00:00:00.000Z,2026-05-08T00:00:00.000Z,One-Year commitment for monthly/yearly billing,4.99000000000000000000,,000000000000,11.000000000000000000,,USD,1.00000000000000000000000000,2026-04-01T00:00:00.000Z,,cd1f7029-1f86-0000-9b66-fbe3473e8077,,2026-04-06T00:00:00.000Z,2029-04-05T00:00:00.000Z,d993a30e-57b7-25c1-ea69-751f0c021895,[],,OnlineServices
9ff00383-6135-a107-5741-d73ace6dd0ee,42a22bda-7c60-80ba-a8c0-0ee7cf8c4a6c,Umbrella Labs 064,tenant0064.onmicrosoft.com,IT,G295819866,2275314,0,000000000000,2026-04-27T05:08:36.000Z,CFQ7TTC0LH04,0002,CFQ7TTC0LCH4,Power BI Pro,Power BI Pro,cycleCharge,3.04000000000000000000,18.000000000000000000,54.72000000000000000000,0E-20,54.72000000000000000000,USD,,Microsoft Corporation,,,9159ca50-6608-fc9d-286d-effcdb371246,2026-04-04T00:00:00.000Z,2026-05-04T00:00:00.000Z,One-Month commitment for monthly billing,3.04000000000000000000,,000000000000,18.000000000000000000,,USD,1.00000000000000000000000000,2026-04-01T00:00:00.000Z,,9d1a8ee0-9aca-32d2-b1e9-5d7d32fe4a53,,2025-09-27T00:00:00.000Z,2026-09-27T00:00:00.000Z,54041cd6-023f-7fb1-b058-c50e374ba1b2,[],,Software
9ff00383-6135-a107-5741-d73ace6dd0ee,ffa9aba3-ee76-e038-9175-64ef3c02bed7,Vandelay Cloud 065,tenant0065.onmicrosoft.com,IT,G295819866,2275314,0,000000000000,2026-04-16T03:55:45.000Z,CFQ7TTC0LFLX,0021,CFQ7TTC12ZPW,Microsoft 365 E3 (no Teams),Microsoft 365 E3,cycleCharge,15.04000000000000000000,3.000000000000000000,45.12000000000000000000,0E-20,45.12000000000000000000,USD,,Microsoft Corporation,,,f9b29e67-6b9e-d6b1-2531-10794d3c2584,2026-04-28T00:00:00.000Z,2027-04-28T00:00:00.000Z,Three-Year commitment for monthly/yearly billing,15.04000000000000000000,,000000000000,3.000000000000000000,Monthly,USD,1.00000000000000000000000000,2026-04-01T00:00:00.000Z,,d7c1448b-3c8e-6106-21d9-8d6e2ff09aaa,,2026-02-10T00:00:00.000Z,2028-02-10T00:00:00.000Z,055486da-e7ae-ea32-71d4-aa4b276b3fa3,[],,Software
9ff00383-6135-a107-5741-d73ace6dd0ee,63ef9097-8c7f-2e48-117a-5b4b20937904,Umbrella Labs 066,tenant0066.onmicrosoft.com,US,G295819866,2275314,0,000000000000,2026-04-21T07:42:21.000Z,CFQ7TTC0LH16,0001,CFQ7TTC0W27W,Exchange Online (Plan 1),Exchange Online (Plan 1),cycleCharge,8.69000000000000000000,17.000000000000000000,147.73000000000000000000,0E-20,147.73000000000000000000,USD,,Microsoft Corporation,,,b7e538ab-0fdd-4776-c90d-be4faa647507,2026-04-21T00:00:00.000Z,2027-04-21T00:00:00.000Z,One-Month commitment for monthly billing,8.69000000000000000000,,000000000000,17.000000000000000000,Monthly,USD,1.00000000000000000000000000,2026-04-01T00:00:00.000Z,,d54c2a13-2a75-b86d-342d-4e7cd1c83abf,,2025-10-05T00:00:00.000Z,2027-10-05T00:00:00.000Z,283c8d87-0617-8e28-cefe-fbd09e5007aa,[],,Software
9ff00383-6135-a107-5741-d73ace6dd0ee,f90da5bd-54c4-4cfc-8c00-ec9c62c7ecec,Umbrella Labs 067,tenant0067.onmicrosoft.com,IT,G295819866,2275314,0,000000000000,2026-04-24T11:12:37.000Z,CFQ7TTC0LH04,0002,CFQ7TTC0LCH4,Power BI Pro,Power BI Pro,cycleCharge,7.40000000000000000000,12.000000000000000000,88.80000000000000000000,0E-20,88.80000000000000000000,USD,,Microsoft Corporation,,,f41cf035-39f1-b324-dcba-b57e2b43d172,2026-04-27T00:00:00.000Z,2026-05-27T00:00:00.000Z,Three-Year commitment for monthly/yearly billing,7.40000000000000000000,,000000000000,12.000000000000000000,Annual,USD,1.00000000000000000000000000,2026-04-01T00:00:00.000Z,,bf48bdcf-5021-7890-a7b1-0a042e0911e4,,2025-11-26T00:00:00.000Z,2028-11-25T00:00:00.000Z,ae068da1-cd65-c8e5-c1e2-34a4a83a5a45,[],,Software
9ff00383-6135-a107-5741-d73ace6dd0ee,1fdd9204-1caa-8b71-3229-1c0dc712e715,Umbrella Networks 068,tenant0068.onmicrosoft.com,IT,G295819866,2275314,0,000000000000,2026-04-17T19:30:14.000Z,CFQ7TTC0LH04,0002,CFQ7TTC0LCH4,Power BI Pro,Power BI Pro,renew,43.56000000000000000000,2.000000000000000000,87.12000000000000000000,0E-20,87.12000000000000000000,USD,,Microsoft Corporation,,,9e9a0dfe-2f5d-8851-2c31-fb1f998edd87,2026-04-01T00:00:00.000Z,2026-05-01T00:00:00.000Z,One-Month commitment for monthly billing,43.56000000000000000000,,000000000000,2.000000000000000000,,USD,1.00000000000000000000000000,2026-04-01T00:00:00.000Z,,9ec5d055-a1b9-18fa-abb0-86a7875f717d,,2026-01-01T00:00:00.000Z,2028-01-01T00:00:00.000Z,23554d9b-b99b-f359-0dca-58af2af22846,[],,Software
9ff00383-6135-a107-5741-d73ace6dd0ee,69deef1e-669c-6ae9-dc5c-c8d69126bd0a,Initech Systems 069,tenant0069.onmicrosoft.com,DE,G295819866,2275314,0,000000000000,2026-04-05T22:52:58.000Z,CFQ7TTC0LH16,0001,CFQ7TTC0W27W,Exchange Online (Plan 1),Exchange Online (Plan 1),cycleCharge,29.67000000000000000000,6.000000000000000000,178.02000000000000000000,0E-20,178.02000000000000000000,USD,,Microsoft Corporation,,,e49319d5-fac7-1b9c-9bdf-48a64168c710,2026-04-18T00:00:00.000Z,2027-04-18T00:00:00.000Z,One-Year commitment for monthly/yearly billing,29.67000000000000000000,,000000000000,6.000000000000000000,Annual,USD,1.00000000000000000000000000,2026-04-01T00:00:00.000Z,,7538fa12-b5df-ac45-fd1e-4e3eac2f6278,,2025-12-26T00:00:00.000Z,2028-12-25T00:00:00.000Z,68d9d511-4722-38b6-d145-09fa977e4cf6,[],,OnlineServices
9ff00383-6135-a107-5741-d73ace6dd0ee,edf912df-3948-c7fa-75a1-1b9bd2369430,Pied Networks 070,tenant0070.onmicrosoft.com,DE,G295819866,2275314,0,000000000000,2026-04-23T18:36:39.000Z,CFQ7TTC0LFLX,0021,CFQ7TTC127J1,Microsoft 365 E3 (no Teams),Microsoft 365 E3,cycleCharge,30.99000000000000000000,15.000000000000000000,464.85000000000000000000,0E-20,464.85000000000000000000,USD,,Microsoft Corporation,,,4a43f912-d2ad-6373-70a1-b2896d5f3b71,2026-04-20T00:00:00.000Z,2026-05-20T00:00:00.000Z,Three-Year commitment for monthly/yearly billing,30.99000000000000000000,,000000000000,15.000000000000000000,Monthly,USD,1.00000000000000000000000000,2026-04-01T00:00:00.000Z,,89f24bec-e644-b66c-a6ab-a460de70b50e,,2025-07-30T00:00:00.000Z,2026-07-30T00:00:00.000Z,cb7668a1-3928-81c4-a922-8398caca80fa,[],,OnlineServices
9ff00383-6135-a107-5741-d73ace6dd0ee,064d7fad-f21f-14a5-e378-b443784389a4,Soylent Systems 071,tenant0071.onmicrosoft.com,GB,G295819866,2275314,0,000000000000,2026-04-15T00:00:45.000Z,CFQ7TTC0LFLX,0021,CFQ7TTC12ZPW,Microsoft 365 E3 (no Teams),Microsoft 365 E3,cycleCharge,36.40000000000000000000,14.000000000000000000,509.60000000000000000000,0E-20,509.60000000000000000000,USD,,Microsoft Corporation,,,bf8ddffd-1fda-bc5a-bafb-1ad779eeae39,2026-04-14T00:00:00.000Z,2026-05-14T00:00:00.000Z,One-Month commitment for monthly billing,36.40000000000000000000,,000000000000,14.000000000000000000,Annual,USD,1.00000000000000000000000000,2026-04-01T00:00:00.000Z,,8c4253b7-6278-b355-30d2-eb24fc230303,,2025-11-21T00:00:00.000Z,2027-11-21T00:00:00.000Z,082ac104-68b6-c75b-678f-d514345ca721,[],,OnlineServices
9ff00383-6135-a107-5741-d73ace6dd0ee,435c0e03-3e9f-2f6e-c88f-c4f478fc32b3,Pied Networks 072,tenant0072.onmicrosoft.com,DE,G295819866,2275314,0,000000000000,2026-04-03T10:08:06.000Z,CFQ7TTC0LH16,0001,CFQ7TTC0W27W,Exchange Online (Plan 1),Exchange Online (Plan 1),cycleCharge,3.29000000000000000000,13.000000000000000000,42.77000000000000000000,0E-20,42.77000000000000000000,USD,,Microsoft Corporation,,,b700851f-34b1-c2f0-e3f8-9e450160be27,2026-04-02T00:00:00.000Z,2026-05-02T00:00:00.000Z,One-Month commitment for monthly billing,3.29000000000000000000,,000000000000,13.000000000000000000,Monthly,USD,1.00000000000000000000000000,2026-04-01T00:00:00.000Z,,2bd55b8f-b0d5-a46c-85b0-4c04c9d9e235,,2025-08-21T00:00:00.000Z,2027-08-21T00:00:00.000Z,60824dea-a625-c2b4-8767-ad1659c68d44,[],,Azure
9ff00383-6135-a107-5741-d73ace6dd0ee,9e15c59e-9297-4fd5-3158-de17f0269674,Pied Group 073,tenant0073.onmicrosoft.com,IT,G295819866,2275314,0,000000000000,2026-04-27T04:45:26.000Z,CFQ7TTC0LFLX,0021,CFQ7TTC127J1,Microsoft 365 E3 (no Teams),Microsoft 365 E3,cycleCharge,12.98000000000000000000,4.000000000000000000,51.92000000000000000000,0E-20,51.92000000000000000000,USD,,Microsoft Corporation,,,77102bfb-3fe5-b46d-3234-b5ff1b913fd8,2026-04-26T00:00:00.000Z,2026-05-26T00:00:00.000Z,Three-Year commitment for monthly/yearly billing,12.98000000000000000000,,000000000000,4.000000000000000000,Monthly,USD,1.00000000000000000000000000,2026-04-01T00:00:00.000Z,,fea2a439-9c62-43b9-a4ec-6edebbbef334,,2025-07-27T00:00:00.000Z,2027-07-27T00:00:00.000Z,b75d540c-d387-9e11-af4b-8f28579c2035,[],,Software
9ff00383-6135-a107-5741-d73ace6dd0ee,4f11e857-dda8-1cc5-8429-9931e67ed5e4,Globex Digital 074,tenant0074.onmicrosoft.com,GB,G295819866,2275314,0,000000000000,2026-04-09T17:19:51.000Z,CFQ7TTC0LH18,0001,CFQ7TTC0HHS9,Teams Phone Standard,Teams Phone Standard,cycleCharge,21.65000000000000000000,5.000000000000000000,108.25000000000000000000,0E-20,108.25000000000000000000,USD,,Microsoft Corporation,,,5d366937-bc33-af86-7941-9b1e195f1520,2026-04-18T00:00:00.000Z,2027-04-18T00:00:00.000Z,Three-Year commitment for monthly/yearly billing,21.65000000000000000000,,000000000000,5.000000000000000000,,USD,1.00000000000000000000000000,2026-04-01T00:00:00.000Z,,7e4bf54b-c1ba-633c-87fe-8de0346294a1,,2025-10-26T00:00:00.000Z,2026-10-26T00:00:00.000Z,13dd906e-97a1-54cd-4c72-8a8be5603f37,[],,Azure
9ff00383-6135-a107-5741-d73ace6dd0ee,e257c265-1030-9624-0311-b66d138bcdc4,Acme Holdings 075,tenant0075.onmicrosoft.com,FR,G295819866,2275314,0,000000000000,2026-04-30T08:18:45.000Z,CFQ7TTC0LH04,0002,CFQ7TTC0LCH4,Power BI Pro,Power BI Pro,cycleCharge,13.10000000000000000000,9.000000000000000000,117.90000000000000000000,0E-20,117.90000000000000000000,USD,,Microsoft Corporation,,,5e5bff40-c637-c489-daf0-e33a38085e66,2026-04-10T00:00:00.000Z,2026-05-10T00:00:00.000Z,One-Year commitment for monthly/yearly billing,13.10000000000000000000,,000000000000,9.000000000000000000,,USD,1.00000000000000000000000000,2026-04-01T00:00:00.000Z,,6dfe70ca-60a5-e8a7-81cf-f5738f42fea0,,2025-05-27T00:00:00.000Z,2028-05-26T00:00:00.000Z,bc5897a1-2257-0b23-6d78-5d4aacedf04c,[],,Software
9ff00383-6135-a107-5741-d73ace6dd0ee,efc4c759-e8a4-d544-1c2b-c0cfe4be2588,Globex Group 076,tenant0076.onmicrosoft.com,FR,G295819866,2275314,0,000000000000,2026-04-21T07:25:07.000Z,CFQ7TTC0LFLX,0021,CFQ7TTC12ZPW,Microsoft 365 E3 (no Teams),Microsoft 365 E3,cycleCharge,43.86000000000000000000,10.000000000000000000,438.60000000000000000000,0E-20,438.60000000000000000000,USD,,Microsoft Corporation,,,e293a807-77e3-df5f-988c-f80babcd87eb,2026-04-17T00:00:00.000Z,2027-04-17T00:00:00.000Z,One-Month commitment for monthly billing,43.86000000000000000000,,000000000000,10.000000000000000000,Monthly,USD,1.00000000000000000000000000,2026-04-01T00:00:00.000Z,,e6b7c783-fa92-a1a3-489c-e7a4b6db3ca0,,2025-07-06T00:00:00.000Z,2028-07-05T00:00:00.000Z,5363099a-e5a9-4940-7753-fc806123a723,[],,Software
9ff00383-6135-a107-5741-d73ace6dd0ee,5d73af6e-0b06-ee9f-ba32-c19a1824cc77,Initech Labs 077,tenant0077.onmicrosoft.com,IT,G295819866,2275314,0,000000000000,2026-04-30T01:42:45.000Z,CFQ7TTC0LFLX,0021,CFQ7TTC127J1,Microsoft 365 E3 (no Teams),Microsoft 365 E3,cycleCharge,17.03000000000000000000,24.000000000000000000,408.72000000000000000000,0E-20,408.72000000000000000000,USD,,Microsoft Corporation,,,b4a08809-bc48-0063-53b8-ff8a1a945fef,2026-04-28T00:00:00.000Z,2027-04-28T00:00:00.000Z,One-Year commitment for monthly/yearly billing,17.03000000000000000000,,000000000000,24.000000000000000000,,USD,1.00000000000000000000000000,2026-04-01T00:00:00.000Z,,3135fcda-918d-1c4a-208b-ded58f342387,,2025-05-23T00:00:00.000Z,2027-05-23T00:00:00.000Z,f5ffcff8-e8af-8b8e-ec66-7fe6095fb811,[],,OnlineServices
9ff00383-6135-a107-5741-d73ace6dd0ee,42dae1d2-8462-6c41-f3f1-600214c58354,Umbrella Cloud 078,tenant0078.onmicrosoft.com,US,G295819866,2275314,0,000000000000,2026-04-15T17:53:53.000Z,CFQ7TTC0LH04,0002,CFQ7TTC0LCH4,Power BI Pro,Power BI Pro,renew,44.12000000000000000000,24.000000000000000000,1058.88000000000000000000,0E-20,1058.88000000000000000000,USD,,Microsoft Corporation,,,5abc3dd0-b844-5413-88f0-e73a36d40919,2026-04-25T00:00:00.000Z,2027-04-25T00:00:00.000Z,One-Month commitment for monthly billing,44.12000000000000000000,,000000000000,24.000000000000000000,Monthly,USD,1.00000000000000000000000000,2026-04-01T00:00:00.000Z,,f5a8d53e-c021-7ab2-1cdf-42b27e6ea915,,2026-02-22T00:00:00.000Z,2027-02-22T00:00:00.000Z,4a0968f9-7119-a78f-efc8-a22c5e953924,[],,Software
9ff00383-6135-a107-5741-d73ace6dd0ee,69c3bdc0-9f40-cc2d-5f15-460d504ebc45,Globex Labs 079,tenant0079.onmicrosoft.com,GB,G295819866,2275314,0,000000000000,2026-04-03T02:01:31.000Z,CFQ7TTC0LH16,0001,CFQ7TTC0W27W,Exchange Online (Plan 1),Exchange Online (Plan 1),cancelSubscription,8.46000000000000000000,19.000000000000000000,160.74000000000000000000,0E-20,160.74000000000000000000,USD,,Microsoft Corporation,,,b24bae9a-a013-4247-15f3-6dcdb6be2558,2026-04-16T00:00:00.000Z,2027-04-16T00:00:00.000Z,One-Year commitment for monthly/yearly billing,8.46000000000000000000,,000000000000,19.000000000000000000,Monthly,USD,1.00000000000000000000000000,2026-04-01T00:00:00.000Z,,d5022ba2-d8e5-6532-81e2-78f1857445b1,,2026-02-25T00:00:00.000Z,2028-02-25T00:00:00.000Z,67b0db2b-7b66-40ec-670e-db382d5653f2,[],,Azure
9ff00383-6135-a107-5741-d73ace6dd0ee,6499bfcf-0be2-0046-31b8-0bf1ca657831,Pied Holdings 080,tenant0080.onmicrosoft.com,GB,G295819866,2275314,0,000000000000,2026-04-01T12:12:31.000Z,CFQ7TTC0LH18,0001,CFQ7TTC0HHS9,Teams Phone Standard,Teams Phone Standard,renew,41.51000000000000000000,22.000000000000000000,913.22000000000000000000,0E-20,913.22000000000000000000,USD,,Microsoft Corporation,,,764aa32d-203d-6ffb-7b8a-8a03e78bf72b,2026-04-26T00:00:00.000Z,2026-05-26T00:00:00.000Z,One-Month commitment for monthly billing,41.51000000000000000000,,000000000000,22.000000000000000000,,USD,1.00000000000000000000000000,2026-04-01T00:00:00.000Z,,d85f8c6e-1399-c83e-4600-79547fb86dee,,2025-06-19T00:00:00.000Z,2026-06-19T00:00:00.000Z,fe211fdd-39e5-445e-225d-731d08c1ce8b,[],,OnlineServices
9ff00383-6135-a107-5741-d73ace6dd0ee,90517ebe-80e1-d59d-b748-45c8dd4fecba,Pied Cloud 081,tenant0081.onmicrosoft.com,FR,G295819866,2275314,0,000000000000,2026-04-28T22:26:39.000Z,CFQ7TTC0LFLX,0021,CFQ7TTC127J1,Microsoft 365 E3 (no Teams),Microsoft 365 E3,cycleCharge,4.12000000000000000000,2.000000000000000000,8.24000000000000000000,0E-20,8.24000000000000000000,USD,,Microsoft Corporation,,,a670e188-60ff-60fa-95c9-75d38345628d,2026-04-23T00:00:00.000Z,2026-05-23T00:00:00.000Z,Three-Year commitment for monthly/yearly billing,4.12000000000000000000,,000000000000,2.000000000000000000,Annual,USD,1.00000000000000000000000000,2026-04-01T00:00:00.000Z,,8b0b9ecf-c809-888a-a623-49af1a7c9cfe,,2025-10-18T00:00:00.000Z,2028-10-17T00:00:00.000Z,ac2af626-f310-2562-ce11-5a9c926ec5b0,[],,OnlineServices
9ff00383-6135-a107-5741-d73ace6dd0ee,78077af5-9f9c-fab0-65b2-6b29378c7505,Soylent Holdings 082,tenant0082.onmicrosoft.com,US,G295819866,2275314,0,000000000000,2026-04-15T05:18:03.000Z,CFQ7TTC0LFLX,0021,CFQ7TTC127J1,Microsoft 365 E3 (no Teams),Microsoft 365 E3,cycleCharge,38.73000000000000000000,24.000000000000000000,929.52000000000000000000,0E-20,929.52000000000000000000,USD,,Microsoft Corporation,,,5f4c899e-f37e-828c-a06b-f724d578030d,2026-04-18T00:00:00.000Z,2027-04-18T00:00:00.000Z,Three-Year commitment for monthly/yearly billing,38.73000000000000000000,,000000000000,24.000000000000000000,Monthly,USD,1.00000000000000000000000000,2026-04-01T00:00:00.000Z,,b92adc7c-65a1-3c1d-3bbf-1c06cdd75dc2,,2025-07-31T00:00:00.000Z,2026-07-31T00:00:00.000Z,eef98939-7e73-3bfa-d684-b6038b379c71,[],,OnlineServices
9ff00383-6135-a107-5741-d73ace6dd0ee,34f33cad-ffc6-a92a-7e16-d9c4ecf6bced,Globex Systems 083,tenant0083.onmicrosoft.com,IT,G295819866,2275314,0,000000000000,2026-04-06T20:08:41.000Z,CFQ7TTC0LFLX,0021,CFQ7TTC127J1,Microsoft 365 E3 (no Teams),Microsoft 365 E3,renew,35.33000000000000000000,9.000000000000000000,317.97000000000000000000,0E-20,317.97000000000000000000,USD,,Microsoft Corporation,,,0557b704-e4de-8fbf-4759-9ced381b2d4f,2026-04-18T00:00:00.000Z,2026-05-18T00:00:00.000Z,One-Month commitment for monthly billing,35.33000000000000000000,,000000000000,9.000000000000000000,Annual,USD,1.00000000000000000000000000,2026-04-01T00:00:00.000Z,,236a2448-da26-b59c-7836-b1699c6a0934,,2025-08-17T00:00:00.000Z,2028-08-16T00:00:00.000Z,3a291164-e3e7-ed21-0dff-45a40179dce0,[],,Software
9ff00383-6135-a107-5741-d73ace6dd0ee,7b95370c-b505-42fc-51ef-ff7851295dd8,Vandelay Networks 084,tenant0084.onmicrosoft.com,IT,G295819866,2275314,0,000000000000,2026-04-21T00:10:51.000Z,CFQ7TTC0LH04,0002,CFQ7TTC0LCH4,Power BI Pro,Power BI Pro,renew,9.54000000000000000000,1.000000000000000000,9.54000000000000000000,0E-20,9.54000000000000000000,USD,,Microsoft Corporation,,,bd8e6381-b735-67e6-0da8-07f539a0838a,2026-04-25T00:00:00.000Z,2026-05-25T00:00:00.000Z,One-Month commitment for monthly billing,9.54000000000000000000,,000000000000,1.000000000000000000,,USD,1.00000000000000000000000000,2026-04-01T00:00:00.000Z,,ace2a027-ced5-2e8e-bdba-4b4f66bfe3e6,,2025-09-03T00:00:00.000Z,2028-09-02T00:00:00.000Z,04219026-902b-507e-14c4-0240c1d00ce7,[],,Azure
9ff00383-6135-a107-5741-d73ace6dd0ee,fb2df125-1507-904d-dfba-e22f39d14aca,Soylent Systems 085,tenant0085.onmicrosoft.com,DE,G295819866,2275314,0,000000000000,2026-04-15T02:33:27.000Z,CFQ7TTC0LH18,0001,CFQ7TTC0HHS9,Teams Phone Standard,Teams Phone Standard,cycleCharge,8.99000000000000000000,20.000000000000000000,179.80000000000000000000,0E-20,179.80000000000000000000,USD,,Microsoft Corporation,,,a57db70c-999b-5ec6-77d0-be975b267492,2026-04-18T00:00:00.000Z,2026-05-18T00:00:00.000Z,Three-Year commitment for monthly/yearly billing,8.99000000000000000000,,000000000000,20.000000000000000000,Annual,USD,1.00000000000000000000000000,2026-04-01T00:00:00.000Z,,3ab987d1-3c52-1ab2-f818-f2102b19d393,,2025-07-14T00:00:00.000Z,2028-07-13T00:00:00.000Z,511023aa-d085-d515-b47e-a92df16ecedd,[],,Azure
9ff00383-6135-a107-5741-d73ace6dd0ee,1e850a66-3c8a-5ede-2d4e-8d2e94431532,Umbrella Systems 086,tenant0086.onmicrosoft.com,US,G295819866,2275314,0,000000000000,2026-04-21T07:56:51.000Z,CFQ7TTC0LFLX,0021,CFQ7TTC127J1,Microsoft 365 E3 (no Teams),Microsoft 365 E3,cycleCharge,36.94000000000000000000,18.000000000000000000,664.92000000000000000000,0E-20,664.92000000000000000000,USD,,Microsoft Corporation,,,309fe6ba-a939-557d-baaf-97c3938b54b1,2026-04-12T00:00:00.000Z,2027-04-12T00:00:00.000Z,One-Month commitment for monthly billing,36.94000000000000000000,,000000000000,18.000000000000000000,Monthly,USD,1.00000000000000000000000000,2026-04-01T00:00:00.000Z,,30bec92a-9186-9133-615e-4e49a55998fa,,2025-06-15T00:00:00.000Z,2027-06-15T00:00:00.000Z,731ab716-f81f-a933-abd1-d2b4d9d2d2ef,[],,Azure
9ff00383-6135-a107-5741-d73ace6dd0ee,2ef5a1a7-968c-80cb-c193-578dde22e85c,Vandelay Labs 087,tenant0087.onmicrosoft.com,GB,G295819866,2275314,0,000000000000,2026-04-01T05:17:56.000Z,CFQ7TTC0LH04,0002,CFQ7TTC0LCH4,Power BI Pro,Power BI Pro,cycleCharge,27.21000000000000000000,16.000000000000000000,435.36000000000000000000,0E-20,435.36000000000000000000,USD,,Microsoft Corporation,,,6ec0f678-c713-5134-d98f-894236a65419,2026-04-02T00:00:00.000Z,2027-04-02T00:00:00.000Z,One-Month commitment for monthly billing,27.21000000000000000000,,000000000000,16.000000000000000000,,USD,1.00000000000000000000000000,2026-04-01T00:00:00.000Z,,c264535a-3e2b-8697-f791-3ef318d4d4d5,,2025-05-05T00:00:00.000Z,2027-05-05T00:00:00.000Z,88983deb-1d6a-5c23-08ee-f0ebe16bdc1a,[],,Software
9ff00383-6135-a107-5741-d73ace6dd0ee,f80a7b77-98b2-9c32-330d-3459962f89a7,Globex Cloud 088,tenant0088.onmicrosoft.com,FR,G295819866,2275314,0,000000000000,2026-04-12T00:30:30.000Z,CFQ7TTC0LFLX,0021,CFQ7TTC12ZPW,Microsoft 365 E3 (no Teams),Microsoft 365 E3,cycleCharge,17.65000000000000000000,12.000000000000000000,211.80000000000000000000,0E-20,211.80000000000000000000,USD,,Microsoft Corporation,,,afe28114-a9e1-2fe1-2e69-6dc80e622106,2026-04-10T00:00:00.000Z,2026-05-10T00:00:00.000Z,One-Month commitment for monthly billing,17.65000000000000000000,,000000000000,12.000000000000000000,Annual,USD,1.00000000000000000000000000,2026-04-01T00:00:00.000Z,,8f2a72a3-621d-d7a2-3edd-ce5e40c717fe,,2025-08-16T00:00:00.000Z,2026-08-16T00:00:00.000Z,e8752b28-519b-a7a3-9067-282dce2206f4,[],,Azure
9ff00383-6135-a107-5741-d73ace6dd0ee,e064db41-1bc8-2ed7-386e-e5d2cb43f762,Globex Digital 089,tenant0089.onmicrosoft.com,GB,G295819866,2275314,0,000000000000,2026-04-11T21:54:07.000Z,CFQ7TTC0LFLX,0021,CFQ7TTC127J1,Microsoft 365 E3 (no Teams),Microsoft 365 E3,cycleCharge,19.30000000000000000000,6.000000000000000000,115.80000000000000000000,0E-20,115.80000000000000000000,USD,,Microsoft Corporation,,,3e0c833e-a75c-19b8-1091-a1458ce29913,2026-04-19T00:00:00.000Z,2027-04-19T00:00:00.000Z,Three-Year commitment for monthly/yearly billing,19.30000000000000000000,,000000000000,6.000000000000000000,Annual,USD,1.00000000000000000000000000,2026-04-01T00:00:00.000Z,,0c4b3204-b559-2ac3-6a9e-31d7074ebd05,,2025-10-31T00:00:00.000Z,2027-10-31T00:00:00.000Z,94563726-975a-5f54-b448-98c19ff3c9b5,[],,Azure
9ff00383-6135-a107-5741-d73ace6dd0ee,54c04977-378c-6302-f97e-0ac8c22a9f7b,Soylent Holdings 090,tenant0090.onmicrosoft.com,US,G295819866,2275314,0,000000000000,2026-04-20T20:31:15.000Z,CFQ7TTC0LH16,0001,CFQ7TTC0W27W,Exchange Online (Plan 1),Exchange Online (Plan 1),cycleCharge,35.36000000000000000000,20.000000000000000000,707.20000000000000000000,0E-20,707.20000000000000000000,USD,,Microsoft Corporation,,,9a071c38-f223-bcd1-62d6-56eee599b024,2026-04-16T00:00:00.000Z,2026-05-16T00:00:00.000Z,One-Year commitment for monthly/yearly billing,35.36000000000000000000,,000000000000,20.000000000000000000,Annual,USD,1.00000000000000000000000000,2026-04-01T00:00:00.000Z,,2f2746f1-7bf1-3b50-47a7-506455f3f50c,,2026-02-04T00:00:00.000Z,2028-02-04T00:00:00.000Z,b9778a1f-502f-fe45-33a6-9301a4c28d3d,[],,Azure
9ff00383-6135-a107-5741-d73ace6dd0ee,bf68c269-e522-2428-e42f-3b5e0a3032d5,Umbrella Systems 091,tenant0091.onmicrosoft.com,FR,G295819866,2275314,0,000000000000,2026-04-01T16:52:03.000Z,CFQ7TTC0LH18,0001,CFQ7TTC0HHS9,Teams Phone Standard,Teams Phone Standard,renew,32.78000000000000000000,16.000000000000000000,524.48000000000000000000,0E-20,524.48000000000000000000,USD,,Microsoft Corporation,,,a01f9e72-4cf1-1ca1-9221-d9ffa0913844,2026-04-15T00:00:00.000Z,2027-04-15T00:00:00.000Z,One-Year commitment for monthly/yearly billing,32.78000000000000000000,,000000000000,16.000000000000000000,Monthly,USD,1.00000000000000000000000000,2026-04-01T00:00:00.000Z,,a54c012a-994e-2ebe-a5fb-968796365c82,,2025-09-18T00:00:00.000Z,2028-09-17T00:00:00.000Z,fe843d70-4f3f-9ae3-3fad-f3429d2aa759,[],,Azure
9ff00383-6135-a107-5741-d73ace6dd0ee,aac0deb2-98a1-6b6e-67b2-8cb1cb1bc064,Soylent Cloud 092,tenant0092.onmicrosoft.com,FR,G295819866,2275314,0,000000000000,2026-04-26T18:31:18.000Z,CFQ7TTC0LH18,0001,CFQ7TTC0HHS9,Teams Phone Standard,Teams Phone Standard,cycleCharge,9.24000000000000000000,12.000000000000000000,110.88000000000000000000,0E-20,110.88000000000000000000,USD,,Microsoft Corporation,,,c3b34c60-9a96-328f-a97e-2beacf540cbe,2026-04-10T00:00:00.000Z,2026-05-10T00:00:00.000Z,Three-Year commitment for monthly/yearly billing,9.24000000000000000000,,000000000000,12.000000000000000000,Annual,USD,1.00000000000000000000000000,2026-04-01T00:00:00.000Z,,85b2b3e5-c5ae-f4f9-8e80-8a6ff1a557fc,,2025-10-02T00:00:00.000Z,2026-10-02T00:00:00.000Z,861e76f7-cd80-7b29-8262-4351caed04ae,[],,OnlineServices
9ff00383-6135-a107-5741-d73ace6dd0ee,f3c22df1-ed6a-1eda-2099-47c55093c96f,Soylent Labs 093,tenant0093.onmicrosoft.com,IT,G295819866,2275314,0,000000000000,2026-04-14T13:48:19.000Z,CFQ7TTC0LH18,0001,CFQ7TTC0HHS9,Teams Phone Standard,Teams Phone Standard,renew,19.70000000000000000000,18.000000000000000000,354.60000000000000000000,0E-20,354.60000000000000000000,USD,,Microsoft Corporation,,,ce56072e-98e2-6c3d-3317-25530f31d9cd,2026-04-10T00:00:00.000Z,2027-04-10T00:00:00.000Z,One-Year commitment for monthly/yearly billing,19.70000000000000000000,,000000000000,18.000000000000000000,Annual,USD,1.00000000000000000000000000,2026-04-01T00:00:00.000Z,,f2adab9a-8941-1b12-1bf6-375b8281fa56,,2025-11-26T00:00:00.000Z,2027-11-26T00:00:00.000Z,cff6f145-3f68-d026-ce81-247e5d148ad1,[],,Software
9ff00383-6135-a107-5741-d73ace6dd0ee,47e3ac2d-617d-b5b0-a747-3aae0fb093e3,Vandelay Networks 094,tenant0094.onmicrosoft.com,IT,G295819866,2275314,0,000000000000,2026-04-16T10:35:16.000Z,CFQ7TTC0LFLX,0021,CFQ7TTC12ZPW,Microsoft 365 E3 (no Teams),Microsoft 365 E3,cycleCharge,11.12000000000000000000,16.000000000000000000,177.92000000000000000000,0E-20,177.92000000000000000000,USD,,Microsoft Corporation,,,b9ccb191-4443-36a5-1742-73f410f34ae9,2026-04-16T00:00:00.000Z,2026-05-16T00:00:00.000Z,Three-Year commitment for monthly/yearly billing,11.12000000000000000000,,000000000000,16.000000000000000000,Annual,USD,1.00000000000000000000000000,2026-04-01T00:00:00.000Z,,d7ce6d0e-3f1a-daad-8c74-c259a459e771,,2026-02-03T00:00:00.000Z,2027-02-03T00:00:00.000Z,0eb55166-4a43-aad7-8abc-0ad6ff3ddb47,[],,Software
9ff00383-6135-a107-5741-d73ace6dd0ee,482b56a6-7294-f0d4-0d50-77d2543cc121,Umbrella Cloud 095,tenant0095.onmicrosoft.com,US,G295819866,2275314,0,000000000000,2026-04-03T18:24:48.000Z,CFQ7TTC0LFLX,0021,CFQ7TTC127J1,Microsoft 365 E3 (no Teams),Microsoft 365 E3,cycleCharge,28.02000000000000000000,11.000000000000000000,308.22000000000000000000,0E-20,308.22000000000000000000,USD,,Microsoft Corporation,,,8c470b7a-d8d4-41e3-1eee-271a08d6bd1c,2026-04-01T00:00:00.000Z,2027-04-01T00:00:00.000Z,One-Year commitment for monthly/yearly billing,28.02000000000000000000,,000000000000,11.000000000000000000,Monthly,USD,1.00000000000000000000000000,2026-04-01T00:00:00.000Z,,40b0b64c-c13d-36f5-3584-2746fe370ebc,,2025-06-04T00:00:00.000Z,2027-06-04T00:00:00.000Z,544f938d-7a79-7cbe-35ca-e5fbfcb264a9,[],,Azure
9ff00383-6135-a107-5741-d73ace6dd0ee,1d9b373a-508c-beb8-bccd-3780c8196182,Hooli Digital 096,tenant0096.onmicrosoft.com,DE,G295819866,2275314,0,000000000000,2026-04-02T17:25:40.000Z,CFQ7TTC0LFLX,0021,CFQ7TTC127J1,Microsoft 365 E3 (no Teams),Microsoft 365 E3,renew,37.31000000000000000000,8.000000000000000000,298.48000000000000000000,0E-20,298.48000000000000000000,USD,,Microsoft Corporation,,,a1b15e17-950c-246f-ec4b-0e0f8a02dda6,2026-04-11T00:00:00.000Z,2026-05-11T00:00:00.000Z,Three-Year commitment for monthly/yearly billing,37.31000000000000000000,,000000000000,8.000000000000000000,,USD,1.00000000000000000000000000,2026-04-01T00:00:00.000Z,,af552366-1fc7-5294-7451-7dfc167bb357,,2025-08-09T00:00:00.000Z,2027-08-09T00:00:00.000Z,4c4760ac-d014-edaa-4db3-9ebaef1d8c58,[],,Software
9ff00383-6135-a107-5741-d73ace6dd0ee,c7118aa0-081e-3f24-2d91-b69647159d75,Globex Networks 097,tenant0097.onmicrosoft.com,FR,G295819866,2275314,0,000000000000,2026-04-24T05:30:33.000Z,CFQ7TTC0LFLX,0021,CFQ7TTC127J1,Microsoft 365 E3 (no Teams),Microsoft 365 E3,cycleCharge,22.74000000000000000000,20.000000000000000000,454.80000000000000000000,0E-20,454.80000000000000000000,USD,,Microsoft Corporation,,,47ee14b0-7375-5546-520d-f84acbbc3dfe,2026-04-21T00:00:00.000Z,2027-04-21T00:00:00.000Z,Three-Year commitment for monthly/yearly billing,22.74000000000000000000,,000000000000,20.000000000000000000,,USD,1.00000000000000000000000000,2026-04-01T00:00:00.000Z,,2f741272-5414-b934-de0f-cfc75563ce4e,,2025-05-30T00:00:00.000Z,2027-05-30T00:00:00.000Z,91169010-5904-4159-df69-abcc81a626d9,[],,Software
9ff00383-6135-a107-5741-d73ace6dd0ee,8abe2bb8-00dc-83b5-c494-cfa980ae3817,Vandelay Systems 098,tenant0098.onmicrosoft.com,DE,G295819866,2275314,0,000000000000,2026-04-07T19:25:18.000Z,CFQ7TTC0LH16,0001,CFQ7TTC0W27W,Exchange Online (Plan 1),Exchange Online (Plan 1),renew,4.20000000000000000000,23.000000000000000000,96.60000000000000000000,0E-20,96.60000000000000000000,USD,,Microsoft Corporation,,,dbbfea12-7eba-30d0-6cb8-7757a47f58d6,2026-04-01T00:00:00.000Z,2026-05-01T00:00:00.000Z,One-Month commitment for monthly billing,4.20000000000000000000,,000000000000,23.000000000000000000,Monthly,USD,1.00000000000000000000000000,2026-04-01T00:00:00.000Z,,06aa6790-1697-b3f6-551a-f46ac11bc813,,2025-07-02T00:00:00.000Z,2028-07-01T00:00:00.000Z,0b724679-b151-dbf8-a417-90b4e6370be5,[],,Azure
9ff00383-6135-a107-5741-d73ace6dd0ee,055a78a7-6478-535a-5215-ef86426ebdf5,Acme Cloud 099,tenant0099.onmicrosoft.com,DE,G295819866,2275314,0,000000000000,2026-04-30T05:14:07.000Z,CFQ7TTC0LFLX,0021,CFQ7TTC127J1,Microsoft 365 E3 (no Teams),Microsoft 365 E3,renew,27.75000000000000000000,19.000000000000000000,527.25000000000000000000,0E-20,527.25000000000000000000,USD,,Microsoft Corporation,,,b5b93039-f59e-5352-590f-d736a55baded,2026-04-11T00:00:00.000Z,2027-04-11T00:00:00.000Z,Three-Year commitment for monthly/yearly billing,27.75000000000000000000,,000000000000,19.000000000000000000,Annual,USD,1.00000000000000000000000000,2026-04-01T00:00:00.000Z,,a20d7b38-4e3b-bab9-e504-a4412766f2f9,,2025-11-16T00:00:00.000Z,2026-11-16T00:00:00.000Z,18d6f5e5-cefc-fbeb-57ce-dabe1812177e,[],,Software
